img_original,triangle_id,camera_view,object_in_square,AB_cm,BC_cm,CA_cm,angle_A_deg,angle_B_deg,angle_C_deg,side_type,angle_type,ab_over_ac,abs_b_minus_c_deg,max_over_min_side,angle_range_deg
triangles_original/001_P0.jpg,001,planar,none,70.5,68.5,80.7,53.36,70.97,55.67,isosceles,acute,0.8736,15.2918,1.1781,17.60
triangles_original/001_P1.jpg,001,planar,rubiks cube,70.5,68.5,80.7,53.36,70.97,55.67,isosceles,acute,0.8736,15.2918,1.1781,17.60
triangles_original/001_T0.jpg,001,tilted,none,70.5,68.5,80.7,53.36,70.97,55.67,isosceles,acute,0.8736,15.2918,1.1781,17.60
triangles_original/001_T1.jpg,001,tilted,rubiks cube,70.5,68.5,80.7,53.36,70.97,55.67,isosceles,acute,0.8736,15.2918,1.1781,17.60
triangles_original/002_P0.jpg,002,planar,none,50.3,51.6,53.7,59.38,63.59,57.03,isosceles,acute,0.9367,6.5628,1.0676,6.56
triangles_original/002_P1.jpg,002,planar,rubiks cube,50.3,51.6,53.7,59.38,63.59,57.03,isosceles,acute,0.9367,6.5628,1.0676,6.56
triangles_original/002_T0.jpg,002,tilted,none,50.3,51.6,53.7,59.38,63.59,57.03,isosceles,acute,0.9367,6.5628,1.0676,6.56
triangles_original/002_T1.jpg,002,tilted,rubiks cube,50.3,51.6,53.7,59.38,63.59,57.03,isosceles,acute,0.9367,6.5628,1.0676,6.56
triangles_original/003_P0.jpg,003,planar,none,66.3,57,82.5,43.37,83.63,53.00,scalene,acute,0.8036,30.6271,1.4474,40.27
triangles_original/003_P1.jpg,003,planar,rubiks cube,66.3,57,82.5,43.37,83.63,53.00,scalene,acute,0.8036,30.6271,1.4474,40.27
triangles_original/003_T0.jpg,003,tilted,none,66.3,57,82.5,43.37,83.63,53.00,scalene,acute,0.8036,30.6271,1.4474,40.27
triangles_original/003_T1.jpg,003,tilted,rubiks cube,66.3,57,82.5,43.37,83.63,53.00,scalene,acute,0.8036,30.6271,1.4474,40.27
triangles_original/004_P0.jpg,004,planar,none,66.3,86.7,76.5,74.38,58.19,47.43,scalene,acute,0.8667,10.7554,1.3077,26.95
triangles_original/004_P1.jpg,004,planar,glass,66.3,86.7,76.5,74.38,58.19,47.43,scalene,acute,0.8667,10.7554,1.3077,26.95
triangles_original/004_T0.jpg,004,tilted,none,66.3,86.7,76.5,74.38,58.19,47.43,scalene,acute,0.8667,10.7554,1.3077,26.95
triangles_original/004_T1.jpg,004,tilted,glass,66.3,86.7,76.5,74.38,58.19,47.43,scalene,acute,0.8667,10.7554,1.3077,26.95
triangles_original/005_P0.jpg,005,planar,none,56.2,59,34.7,76.94,34.95,68.11,scalene,acute,1.6196,33.1550,1.7003,41.98
triangles_original/005_P1.jpg,005,planar,glass,56.2,59,34.7,76.94,34.95,68.11,scalene,acute,1.6196,33.1550,1.7003,41.98
triangles_original/005_T0.jpg,005,tilted,none,56.2,59,34.7,76.94,34.95,68.11,scalene,acute,1.6196,33.1550,1.7003,41.98
triangles_original/005_T1.jpg,005,tilted,glass,56.2,59,34.7,76.94,34.95,68.11,scalene,acute,1.6196,33.1550,1.7003,41.98
triangles_original/006_P0.jpg,006,planar,none,93.8,114,93.1,75.17,52.14,52.69,scalene,acute,1.0075,0.5576,1.2245,23.04
triangles_original/006_P1.jpg,006,planar,glass,93.8,114,93.1,75.17,52.14,52.69,scalene,acute,1.0075,0.5576,1.2245,23.04
triangles_original/006_T0.jpg,006,tilted,none,93.8,114,93.1,75.17,52.14,52.69,scalene,acute,1.0075,0.5576,1.2245,23.04
triangles_original/006_T1.jpg,006,tilted,glass,93.8,114,93.1,75.17,52.14,52.69,scalene,acute,1.0075,0.5576,1.2245,23.04
triangles_original/007_P0.jpg,007,planar,none,34.3,114,120.2,71.41,92.02,16.57,scalene,obtuse,0.2854,75.4496,3.5044,75.45
triangles_original/007_P1.jpg,007,planar,iron,34.3,114,120.2,71.41,92.02,16.57,scalene,obtuse,0.2854,75.4496,3.5044,75.45
triangles_original/007_T0.jpg,007,tilted,none,34.3,114,120.2,71.41,92.02,16.57,scalene,obtuse,0.2854,75.4496,3.5044,75.45
triangles_original/007_T1.jpg,007,tilted,iron,34.3,114,120.2,71.41,92.02,16.57,scalene,obtuse,0.2854,75.4496,3.5044,75.45
triangles_original/008_P0.jpg,008,planar,none,93.8,55.7,90.4,35.14,69.09,75.77,scalene,acute,1.0376,6.6723,1.6840,40.63
triangles_original/008_P1.jpg,008,planar,iron,93.8,55.7,90.4,35.14,69.09,75.77,scalene,acute,1.0376,6.6723,1.6840,40.63
triangles_original/008_T0.jpg,008,tilted,none,93.8,55.7,90.4,35.14,69.09,75.77,scalene,acute,1.0376,6.6723,1.6840,40.63
triangles_original/008_T1.jpg,008,tilted,iron,93.8,55.7,90.4,35.14,69.09,75.77,scalene,acute,1.0376,6.6723,1.6840,40.63
triangles_original/009_P0.jpg,009,planar,none,42,39,45,53.13,67.38,59.49,scalene,acute,0.9333,7.8904,1.1538,14.25
triangles_original/009_P1.jpg,009,planar,iron,42,39,45,53.13,67.38,59.49,scalene,acute,0.9333,7.8904,1.1538,14.25
triangles_original/009_T0.jpg,009,tilted,none,42,39,45,53.13,67.38,59.49,scalene,acute,0.9333,7.8904,1.1538,14.25
triangles_original/009_T1.jpg,009,tilted,iron,42,39,45,53.13,67.38,59.49,scalene,acute,0.9333,7.8904,1.1538,14.25
triangles_original/010_P0.jpg,010,planar,none,62.7,62.7,55.5,63.73,52.54,63.73,isosceles,acute,1.1297,11.1935,1.1297,11.19
triangles_original/010_P1.jpg,010,planar,book,62.7,62.7,55.5,63.73,52.54,63.73,isosceles,acute,1.1297,11.1935,1.1297,11.19
triangles_original/010_T0.jpg,010,tilted,none,62.7,62.7,55.5,63.73,52.54,63.73,isosceles,acute,1.1297,11.1935,1.1297,11.19
triangles_original/010_T1.jpg,010,tilted,book,62.7,62.7,55.5,63.73,52.54,63.73,isosceles,acute,1.1297,11.1935,1.1297,11.19
triangles_original/011_P0.jpg,011,planar,none,78.9,81.2,56.6,71.49,41.38,67.13,isosceles,acute,1.3940,25.7583,1.4346,30.12
triangles_original/011_P1.jpg,011,planar,book,78.9,81.2,56.6,71.49,41.38,67.13,isosceles,acute,1.3940,25.7583,1.4346,30.12
triangles_original/011_T0.jpg,011,tilted,none,78.9,81.2,56.6,71.49,41.38,67.13,isosceles,acute,1.3940,25.7583,1.4346,30.12
triangles_original/011_T1.jpg,011,tilted,book,78.9,81.2,56.6,71.49,41.38,67.13,isosceles,acute,1.3940,25.7583,1.4346,30.12
triangles_original/012_P0.jpg,012,planar,none,80,86.9,83.9,63.99,60.19,55.83,scalene,acute,0.9535,4.3627,1.0863,8.16
triangles_original/012_P1.jpg,012,planar,book,80,86.9,83.9,63.99,60.19,55.83,scalene,acute,0.9535,4.3627,1.0863,8.16
triangles_original/012_T0.jpg,012,tilted,none,80,86.9,83.9,63.99,60.19,55.83,scalene,acute,0.9535,4.3627,1.0863,8.16
triangles_original/012_T1.jpg,012,tilted,book,80,86.9,83.9,63.99,60.19,55.83,scalene,acute,0.9535,4.3627,1.0863,8.16
triangles_original/013_P0.jpg,013,planar,none,63.8,66.3,75.7,55.97,71.13,52.89,scalene,acute,0.8428,18.2394,1.1865,18.24
triangles_original/013_P1.jpg,013,planar,kettle,63.8,66.3,75.7,55.97,71.13,52.89,scalene,acute,0.8428,18.2394,1.1865,18.24
triangles_original/013_T0.jpg,013,tilted,none,63.8,66.3,75.7,55.97,71.13,52.89,scalene,acute,0.8428,18.2394,1.1865,18.24
triangles_original/013_T1.jpg,013,tilted,kettle,63.8,66.3,75.7,55.97,71.13,52.89,scalene,acute,0.8428,18.2394,1.1865,18.24
triangles_original/014_P0.jpg,014,planar,none,79,81.9,46.6,76.61,33.61,69.78,scalene,acute,1.6953,36.1712,1.7575,43.00
triangles_original/014_P1.jpg,014,planar,kettle,79,81.9,46.6,76.61,33.61,69.78,scalene,acute,1.6953,36.1712,1.7575,43.00
triangles_original/014_T0.jpg,014,tilted,none,79,81.9,46.6,76.61,33.61,69.78,scalene,acute,1.6953,36.1712,1.7575,43.00
triangles_original/014_T1.jpg,014,tilted,kettle,79,81.9,46.6,76.61,33.61,69.78,scalene,acute,1.6953,36.1712,1.7575,43.00
triangles_original/015_P0.jpg,015,planar,none,78,57,79.6,42.39,70.30,67.30,isosceles,acute,0.9799,2.9994,1.3965,27.91
triangles_original/015_P1.jpg,015,planar,kettle,78,57,79.6,42.39,70.30,67.30,isosceles,acute,0.9799,2.9994,1.3965,27.91
triangles_original/015_T0.jpg,015,tilted,none,78,57,79.6,42.39,70.30,67.30,isosceles,acute,0.9799,2.9994,1.3965,27.91
triangles_original/015_T1.jpg,015,tilted,kettle,78,57,79.6,42.39,70.30,67.30,isosceles,acute,0.9799,2.9994,1.3965,27.91
triangles_original/016_P0.jpg,016,planar,none,66.8,68.3,39,75.34,33.53,71.12,isosceles,acute,1.7128,37.5887,1.7513,41.81
triangles_original/016_P1.jpg,016,planar,apple,66.8,68.3,39,75.34,33.53,71.12,isosceles,acute,1.7128,37.5887,1.7513,41.81
triangles_original/016_T0.jpg,016,tilted,none,66.8,68.3,39,75.34,33.53,71.12,isosceles,acute,1.7128,37.5887,1.7513,41.81
triangles_original/016_T1.jpg,016,tilted,apple,66.8,68.3,39,75.34,33.53,71.12,isosceles,acute,1.7128,37.5887,1.7513,41.81
triangles_original/017_P0.jpg,017,planar,none,99.3,100.5,45,78.48,26.02,75.50,isosceles,acute,2.2067,49.4762,2.2333,52.45
triangles_original/017_P1.jpg,017,planar,apple,99.3,100.5,45,78.48,26.02,75.50,isosceles,acute,2.2067,49.4762,2.2333,52.45
triangles_original/017_T0.jpg,017,tilted,none,99.3,100.5,45,78.48,26.02,75.50,isosceles,acute,2.2067,49.4762,2.2333,52.45
triangles_original/017_T1.jpg,017,tilted,apple,99.3,100.5,45,78.48,26.02,75.50,isosceles,acute,2.2067,49.4762,2.2333,52.45
triangles_original/018_P0.jpg,018,planar,none,88.3,100.5,89.3,68.92,56.01,55.07,isosceles,acute,0.9888,0.9401,1.1382,13.86
triangles_original/018_P1.jpg,018,planar,apple,88.3,100.5,89.3,68.92,56.01,55.07,isosceles,acute,0.9888,0.9401,1.1382,13.86
triangles_original/018_T0.jpg,018,tilted,none,88.3,100.5,89.3,68.92,56.01,55.07,isosceles,acute,0.9888,0.9401,1.1382,13.86
triangles_original/018_T1.jpg,018,tilted,apple,88.3,100.5,89.3,68.92,56.01,55.07,isosceles,acute,0.9888,0.9401,1.1382,13.86
triangles_original/019_P0.jpg,019,planar,none,60.5,52.5,46.7,56.91,48.18,74.91,scalene,acute,1.2955,26.7237,1.2955,26.72
triangles_original/019_P1.jpg,019,planar,box,60.5,52.5,46.7,56.91,48.18,74.91,scalene,acute,1.2955,26.7237,1.2955,26.72
triangles_original/019_T0.jpg,019,tilted,none,60.5,52.5,46.7,56.91,48.18,74.91,scalene,acute,1.2955,26.7237,1.2955,26.72
triangles_original/019_T1.jpg,019,tilted,box,60.5,52.5,46.7,56.91,48.18,74.91,scalene,acute,1.2955,26.7237,1.2955,26.72
triangles_original/020_P0.jpg,020,planar,none,36.5,61.8,58.1,77.91,66.82,35.28,scalene,acute,0.6282,31.5433,1.6932,42.63
triangles_original/020_P1.jpg,020,planar,box,36.5,61.8,58.1,77.91,66.82,35.28,scalene,acute,0.6282,31.5433,1.6932,42.63
triangles_original/020_T0.jpg,020,tilted,none,36.5,61.8,58.1,77.91,66.82,35.28,scalene,acute,0.6282,31.5433,1.6932,42.63
triangles_original/020_T1.jpg,020,tilted,box,36.5,61.8,58.1,77.91,66.82,35.28,scalene,acute,0.6282,31.5433,1.6932,42.63
triangles_original/021_P0.jpg,021,planar,none,88.4,82.7,38.9,68.79,26.01,85.20,scalene,acute,2.2725,59.1955,2.2725,59.20
triangles_original/021_P1.jpg,021,planar,box,88.4,82.7,38.9,68.79,26.01,85.20,scalene,acute,2.2725,59.1955,2.2725,59.20
triangles_original/021_T0.jpg,021,tilted,none,88.4,82.7,38.9,68.79,26.01,85.20,scalene,acute,2.2725,59.1955,2.2725,59.20
triangles_original/021_T1.jpg,021,tilted,box,88.4,82.7,38.9,68.79,26.01,85.20,scalene,acute,2.2725,59.1955,2.2725,59.20
triangles_original/022_P0.jpg,022,planar,none,76.8,79.1,56.5,70.94,42.46,66.59,isosceles,acute,1.3593,24.1284,1.4000,28.48
triangles_original/022_P1.jpg,022,planar,stool,76.8,79.1,56.5,70.94,42.46,66.59,isosceles,acute,1.3593,24.1284,1.4000,28.48
triangles_original/022_T0.jpg,022,tilted,none,76.8,79.1,56.5,70.94,42.46,66.59,isosceles,acute,1.3593,24.1284,1.4000,28.48
triangles_original/022_T1.jpg,022,tilted,stool,76.8,79.1,56.5,70.94,42.46,66.59,isosceles,acute,1.3593,24.1284,1.4000,28.48
triangles_original/023_P0.jpg,023,planar,none,25.1,45.2,51.2,61.96,88.70,29.35,scalene,right,0.4902,59.3490,2.0398,59.35
triangles_original/023_P1.jpg,023,planar,stool,25.1,45.2,51.2,61.96,88.70,29.35,scalene,right,0.4902,59.3490,2.0398,59.35
triangles_original/023_T0.jpg,023,tilted,none,25.1,45.2,51.2,61.96,88.70,29.35,scalene,right,0.4902,59.3490,2.0398,59.35
triangles_original/023_T1.jpg,023,tilted,stool,25.1,45.2,51.2,61.96,88.70,29.35,scalene,right,0.4902,59.3490,2.0398,59.35
triangles_original/024_P0.jpg,024,planar,none,90.3,84.5,76.8,60.11,52.00,67.89,scalene,acute,1.1758,15.8970,1.1758,15.90
triangles_original/024_P1.jpg,024,planar,stool,90.3,84.5,76.8,60.11,52.00,67.89,scalene,acute,1.1758,15.8970,1.1758,15.90
triangles_original/024_T0.jpg,024,tilted,none,90.3,84.5,76.8,60.11,52.00,67.89,scalene,acute,1.1758,15.8970,1.1758,15.90
triangles_original/024_T1.jpg,024,tilted,stool,90.3,84.5,76.8,60.11,52.00,67.89,scalene,acute,1.1758,15.8970,1.1758,15.90
triangles_original/025_P0.jpg,025,planar,none,61.7,41.8,62.3,39.40,71.08,69.53,isosceles,acute,0.9904,1.5486,1.4904,31.68
triangles_original/025_P1.jpg,025,planar,laptop,61.7,41.8,62.3,39.40,71.08,69.53,isosceles,acute,0.9904,1.5486,1.4904,31.68
triangles_original/025_T0.jpg,025,tilted,none,61.7,41.8,62.3,39.40,71.08,69.53,isosceles,acute,0.9904,1.5486,1.4904,31.68
triangles_original/025_T1.jpg,025,tilted,laptop,61.7,41.8,62.3,39.40,71.08,69.53,isosceles,acute,0.9904,1.5486,1.4904,31.68
triangles_original/026_P0.jpg,026,planar,none,92.4,87.7,62.3,65.75,40.37,73.88,scalene,acute,1.4831,33.5057,1.4831,33.51
triangles_original/026_P1.jpg,026,planar,laptop,92.4,87.7,62.3,65.75,40.37,73.88,scalene,acute,1.4831,33.5057,1.4831,33.51
triangles_original/026_T0.jpg,026,tilted,none,92.4,87.7,62.3,65.75,40.37,73.88,scalene,acute,1.4831,33.5057,1.4831,33.51
triangles_original/026_T1.jpg,026,tilted,laptop,92.4,87.7,62.3,65.75,40.37,73.88,scalene,acute,1.4831,33.5057,1.4831,33.51
triangles_original/027_P0.jpg,027,planar,none,39,34.5,41.3,50.79,68.06,61.15,scalene,acute,0.9443,6.9054,1.1971,17.27
triangles_original/027_P1.jpg,027,planar,laptop,39,34.5,41.3,50.79,68.06,61.15,scalene,acute,0.9443,6.9054,1.1971,17.27
triangles_original/027_T0.jpg,027,tilted,none,39,34.5,41.3,50.79,68.06,61.15,scalene,acute,0.9443,6.9054,1.1971,17.27
triangles_original/027_T1.jpg,027,tilted,laptop,39,34.5,41.3,50.79,68.06,61.15,scalene,acute,0.9443,6.9054,1.1971,17.27
triangles_original/028_P0.jpg,028,planar,none,79.3,34.5,78.4,25.27,75.91,78.83,isosceles,acute,1.0115,2.9173,2.2986,53.56
triangles_original/028_P1.jpg,028,planar,pillow,79.3,34.5,78.4,25.27,75.91,78.83,isosceles,acute,1.0115,2.9173,2.2986,53.56
triangles_original/028_T0.jpg,028,tilted,none,79.3,34.5,78.4,25.27,75.91,78.83,isosceles,acute,1.0115,2.9173,2.2986,53.56
triangles_original/028_T1.jpg,028,tilted,pillow,79.3,34.5,78.4,25.27,75.91,78.83,isosceles,acute,1.0115,2.9173,2.2986,53.56
triangles_original/029_P0.jpg,029,planar,none,79.3,77.7,70.4,62.20,53.27,64.53,isosceles,acute,1.1264,11.2572,1.1264,11.26
triangles_original/029_P1.jpg,029,planar,pillow,79.3,77.7,70.4,62.20,53.27,64.53,isosceles,acute,1.1264,11.2572,1.1264,11.26
triangles_original/029_T0.jpg,029,tilted,none,79.3,77.7,70.4,62.20,53.27,64.53,isosceles,acute,1.1264,11.2572,1.1264,11.26
triangles_original/029_T1.jpg,029,tilted,pillow,79.3,77.7,70.4,62.20,53.27,64.53,isosceles,acute,1.1264,11.2572,1.1264,11.26
triangles_original/030_P0.jpg,030,planar,none,37.6,45,45.3,64.98,65.81,49.21,isosceles,acute,0.8300,16.5971,1.2048,16.60
triangles_original/030_P1.jpg,030,planar,pillow,37.6,45,45.3,64.98,65.81,49.21,isosceles,acute,0.8300,16.5971,1.2048,16.60
triangles_original/030_T0.jpg,030,tilted,none,37.6,45,45.3,64.98,65.81,49.21,isosceles,acute,0.8300,16.5971,1.2048,16.60
triangles_original/030_T1.jpg,030,tilted,pillow,37.6,45,45.3,64.98,65.81,49.21,isosceles,acute,0.8300,16.5971,1.2048,16.60
triangles_original/031_P0.jpg,031,planar,none,18.4,68.4,57.5,119.24,47.18,13.58,scalene,obtuse,0.3200,33.6053,3.7174,105.67
triangles_original/031_P1.jpg,031,planar,rubiks cube,18.4,68.4,57.5,119.24,47.18,13.58,scalene,obtuse,0.3200,33.6053,3.7174,105.67
triangles_original/031_T0.jpg,031,tilted,none,18.4,68.4,57.5,119.24,47.18,13.58,scalene,obtuse,0.3200,33.6053,3.7174,105.67
triangles_original/031_T1.jpg,031,tilted,rubiks cube,18.4,68.4,57.5,119.24,47.18,13.58,scalene,obtuse,0.3200,33.6053,3.7174,105.67
triangles_original/032_P0.jpg,032,planar,none,33.5,88.7,67.6,118.71,41.95,19.34,scalene,obtuse,0.4956,22.6014,2.6478,99.36
triangles_original/032_P1.jpg,032,planar,rubiks cube,33.5,88.7,67.6,118.71,41.95,19.34,scalene,obtuse,0.4956,22.6014,2.6478,99.36
triangles_original/032_T0.jpg,032,tilted,none,33.5,88.7,67.6,118.71,41.95,19.34,scalene,obtuse,0.4956,22.6014,2.6478,99.36
triangles_original/032_T1.jpg,032,tilted,rubiks cube,33.5,88.7,67.6,118.71,41.95,19.34,scalene,obtuse,0.4956,22.6014,2.6478,99.36
triangles_original/033_P0.jpg,033,planar,none,40.9,98.5,65.3,134.82,28.05,17.13,scalene,obtuse,0.6263,10.9199,2.4083,117.69
triangles_original/033_P1.jpg,033,planar,rubiks cube,40.9,98.5,65.3,134.82,28.05,17.13,scalene,obtuse,0.6263,10.9199,2.4083,117.69
triangles_original/033_T0.jpg,033,tilted,none,40.9,98.5,65.3,134.82,28.05,17.13,scalene,obtuse,0.6263,10.9199,2.4083,117.69
triangles_original/033_T1.jpg,033,tilted,rubiks cube,40.9,98.5,65.3,134.82,28.05,17.13,scalene,obtuse,0.6263,10.9199,2.4083,117.69
triangles_original/034_P0.jpg,034,planar,none,94.7,116.8,35.7,120.18,15.32,44.50,scalene,obtuse,2.6527,29.1755,3.2717,104.86
triangles_original/034_P1.jpg,034,planar,glass,94.7,116.8,35.7,120.18,15.32,44.50,scalene,obtuse,2.6527,29.1755,3.2717,104.86
triangles_original/034_T0.jpg,034,tilted,none,94.7,116.8,35.7,120.18,15.32,44.50,scalene,obtuse,2.6527,29.1755,3.2717,104.86
triangles_original/034_T1.jpg,034,tilted,glass,94.7,116.8,35.7,120.18,15.32,44.50,scalene,obtuse,2.6527,29.1755,3.2717,104.86
triangles_original/035_P0.jpg,035,planar,none,109.2,98,14,34.61,4.65,140.74,scalene,obtuse,7.8000,136.0866,7.8000,136.09
triangles_original/035_P1.jpg,035,planar,glass,109.2,98,14,34.61,4.65,140.74,scalene,obtuse,7.8000,136.0866,7.8000,136.09
triangles_original/035_T0.jpg,035,tilted,none,109.2,98,14,34.61,4.65,140.74,scalene,obtuse,7.8000,136.0866,7.8000,136.09
triangles_original/035_T1.jpg,035,tilted,glass,109.2,98,14,34.61,4.65,140.74,scalene,obtuse,7.8000,136.0866,7.8000,136.09
triangles_original/036_P0.jpg,036,planar,none,61.1,94.8,48.7,118.97,26.71,34.33,scalene,obtuse,1.2546,7.6167,1.9466,92.26
triangles_original/036_P1.jpg,036,planar,glass,61.1,94.8,48.7,118.97,26.71,34.33,scalene,obtuse,1.2546,7.6167,1.9466,92.26
triangles_original/036_T0.jpg,036,tilted,none,61.1,94.8,48.7,118.97,26.71,34.33,scalene,obtuse,1.2546,7.6167,1.9466,92.26
triangles_original/036_T1.jpg,036,tilted,glass,61.1,94.8,48.7,118.97,26.71,34.33,scalene,obtuse,1.2546,7.6167,1.9466,92.26
triangles_original/037_P0.jpg,037,planar,none,55.2,94.8,59,112.18,35.19,32.63,scalene,obtuse,0.9356,2.5628,1.7174,79.55
triangles_original/037_P1.jpg,037,planar,iron,55.2,94.8,59,112.18,35.19,32.63,scalene,obtuse,0.9356,2.5628,1.7174,79.55
triangles_original/037_T0.jpg,037,tilted,none,55.2,94.8,59,112.18,35.19,32.63,scalene,obtuse,0.9356,2.5628,1.7174,79.55
triangles_original/037_T1.jpg,037,tilted,iron,55.2,94.8,59,112.18,35.19,32.63,scalene,obtuse,0.9356,2.5628,1.7174,79.55
triangles_original/038_P0.jpg,038,planar,none,27.8,83.3,61.6,133.82,32.25,13.93,scalene,obtuse,0.4513,18.3123,2.9964,119.89
triangles_original/038_P1.jpg,038,planar,iron,27.8,83.3,61.6,133.82,32.25,13.93,scalene,obtuse,0.4513,18.3123,2.9964,119.89
triangles_original/038_T0.jpg,038,tilted,none,27.8,83.3,61.6,133.82,32.25,13.93,scalene,obtuse,0.4513,18.3123,2.9964,119.89
triangles_original/038_T1.jpg,038,tilted,iron,27.8,83.3,61.6,133.82,32.25,13.93,scalene,obtuse,0.4513,18.3123,2.9964,119.89
triangles_original/039_P0.jpg,039,planar,none,32,81.2,52.1,148.90,19.36,11.75,scalene,obtuse,0.6142,7.6107,2.5375,137.15
triangles_original/039_P1.jpg,039,planar,iron,32,81.2,52.1,148.90,19.36,11.75,scalene,obtuse,0.6142,7.6107,2.5375,137.15
triangles_original/039_T0.jpg,039,tilted,none,32,81.2,52.1,148.90,19.36,11.75,scalene,obtuse,0.6142,7.6107,2.5375,137.15
triangles_original/039_T1.jpg,039,tilted,iron,32,81.2,52.1,148.90,19.36,11.75,scalene,obtuse,0.6142,7.6107,2.5375,137.15
triangles_original/040_P0.jpg,040,planar,none,31.7,90.8,67.5,128.83,35.39,15.78,scalene,obtuse,0.4696,19.6054,2.8644,113.05
triangles_original/040_P1.jpg,040,planar,book,31.7,90.8,67.5,128.83,35.39,15.78,scalene,obtuse,0.4696,19.6054,2.8644,113.05
triangles_original/040_T0.jpg,040,tilted,none,31.7,90.8,67.5,128.83,35.39,15.78,scalene,obtuse,0.4696,19.6054,2.8644,113.05
triangles_original/040_T1.jpg,040,tilted,book,31.7,90.8,67.5,128.83,35.39,15.78,scalene,obtuse,0.4696,19.6054,2.8644,113.05
triangles_original/041_P0.jpg,041,planar,none,131,120.6,15.3,44.67,5.12,130.21,scalene,obtuse,8.5621,125.0947,8.5621,125.09
triangles_original/041_P1.jpg,041,planar,book,131,120.6,15.3,44.67,5.12,130.21,scalene,obtuse,8.5621,125.0947,8.5621,125.09
triangles_original/041_T0.jpg,041,tilted,none,131,120.6,15.3,44.67,5.12,130.21,scalene,obtuse,8.5621,125.0947,8.5621,125.09
triangles_original/041_T1.jpg,041,tilted,book,131,120.6,15.3,44.67,5.12,130.21,scalene,obtuse,8.5621,125.0947,8.5621,125.09
triangles_original/042_P0.jpg,042,planar,none,131,128.4,4.3,52.04,1.51,126.44,isosceles,obtuse,30.4651,124.9303,30.4651,124.93
triangles_original/042_P1.jpg,042,planar,book,131,128.4,4.3,52.04,1.51,126.44,isosceles,obtuse,30.4651,124.9303,30.4651,124.93
triangles_original/042_T0.jpg,042,tilted,none,131,128.4,4.3,52.04,1.51,126.44,isosceles,obtuse,30.4651,124.9303,30.4651,124.93
triangles_original/042_T1.jpg,042,tilted,book,131,128.4,4.3,52.04,1.51,126.44,isosceles,obtuse,30.4651,124.9303,30.4651,124.93
triangles_original/043_P0.jpg,043,planar,none,131,94.2,62.1,41.72,26.02,112.25,scalene,obtuse,2.1095,86.2316,2.1095,86.23
triangles_original/043_P1.jpg,043,planar,kettle,131,94.2,62.1,41.72,26.02,112.25,scalene,obtuse,2.1095,86.2316,2.1095,86.23
triangles_original/043_T0.jpg,043,tilted,none,131,94.2,62.1,41.72,26.02,112.25,scalene,obtuse,2.1095,86.2316,2.1095,86.23
triangles_original/043_T1.jpg,043,tilted,kettle,131,94.2,62.1,41.72,26.02,112.25,scalene,obtuse,2.1095,86.2316,2.1095,86.23
triangles_original/044_P0.jpg,044,planar,none,93,38.8,62,17.68,29.02,133.30,scalene,obtuse,1.5000,104.2744,2.3969,115.62
triangles_original/044_P1.jpg,044,planar,kettle,93,38.8,62,17.68,29.02,133.30,scalene,obtuse,1.5000,104.2744,2.3969,115.62
triangles_original/044_T0.jpg,044,tilted,none,93,38.8,62,17.68,29.02,133.30,scalene,obtuse,1.5000,104.2744,2.3969,115.62
triangles_original/044_T1.jpg,044,tilted,kettle,93,38.8,62,17.68,29.02,133.30,scalene,obtuse,1.5000,104.2744,2.3969,115.62
triangles_original/045_P0.jpg,045,planar,none,87.9,65.7,47.5,47.27,32.08,100.65,scalene,obtuse,1.8505,68.5736,1.8505,68.57
triangles_original/045_P1.jpg,045,planar,kettle,87.9,65.7,47.5,47.27,32.08,100.65,scalene,obtuse,1.8505,68.5736,1.8505,68.57
triangles_original/045_T0.jpg,045,tilted,none,87.9,65.7,47.5,47.27,32.08,100.65,scalene,obtuse,1.8505,68.5736,1.8505,68.57
triangles_original/045_T1.jpg,045,tilted,kettle,87.9,65.7,47.5,47.27,32.08,100.65,scalene,obtuse,1.8505,68.5736,1.8505,68.57
triangles_original/046_P0.jpg,046,planar,none,23.7,81.5,100,34.22,136.37,9.41,scalene,obtuse,0.2370,126.9558,4.2194,126.96
triangles_original/046_P1.jpg,046,planar,apple,23.7,81.5,100,34.22,136.37,9.41,scalene,obtuse,0.2370,126.9558,4.2194,126.96
triangles_original/046_T0.jpg,046,tilted,none,23.7,81.5,100,34.22,136.37,9.41,scalene,obtuse,0.2370,126.9558,4.2194,126.96
triangles_original/046_T1.jpg,046,tilted,apple,23.7,81.5,100,34.22,136.37,9.41,scalene,obtuse,0.2370,126.9558,4.2194,126.96
triangles_original/047_P0.jpg,047,planar,none,46.3,47,88.7,18.21,143.87,17.93,isosceles,obtuse,0.5220,125.9389,1.9158,125.94
triangles_original/047_P1.jpg,047,planar,apple,46.3,47,88.7,18.21,143.87,17.93,isosceles,obtuse,0.5220,125.9389,1.9158,125.94
triangles_original/047_T0.jpg,047,tilted,none,46.3,47,88.7,18.21,143.87,17.93,isosceles,obtuse,0.5220,125.9389,1.9158,125.94
triangles_original/047_T1.jpg,047,tilted,apple,46.3,47,88.7,18.21,143.87,17.93,isosceles,obtuse,0.5220,125.9389,1.9158,125.94
triangles_original/048_P0.jpg,048,planar,none,46.3,88.7,47,143.87,18.21,17.93,isosceles,obtuse,0.9851,0.2805,1.9158,125.94
triangles_original/048_P1.jpg,048,planar,apple,46.3,88.7,47,143.87,18.21,17.93,isosceles,obtuse,0.9851,0.2805,1.9158,125.94
triangles_original/048_T0.jpg,048,tilted,none,46.3,88.7,47,143.87,18.21,17.93,isosceles,obtuse,0.9851,0.2805,1.9158,125.94
triangles_original/048_T1.jpg,048,tilted,apple,46.3,88.7,47,143.87,18.21,17.93,isosceles,obtuse,0.9851,0.2805,1.9158,125.94
triangles_original/049_P0.jpg,049,planar,none,88.7,46.3,47,17.93,18.21,143.87,isosceles,obtuse,1.8872,125.6584,1.9158,125.94
triangles_original/049_P1.jpg,049,planar,box,88.7,46.3,47,17.93,18.21,143.87,isosceles,obtuse,1.8872,125.6584,1.9158,125.94
triangles_original/049_T0.jpg,049,tilted,none,88.7,46.3,47,17.93,18.21,143.87,isosceles,obtuse,1.8872,125.6584,1.9158,125.94
triangles_original/049_T1.jpg,049,tilted,box,88.7,46.3,47,17.93,18.21,143.87,isosceles,obtuse,1.8872,125.6584,1.9158,125.94
triangles_original/050_P0.jpg,050,planar,none,63.2,41.5,27.5,29.40,18.99,131.61,scalene,obtuse,2.2982,112.6254,2.2982,112.63
triangles_original/050_P1.jpg,050,planar,box,63.2,41.5,27.5,29.40,18.99,131.61,scalene,obtuse,2.2982,112.6254,2.2982,112.63
triangles_original/050_T0.jpg,050,tilted,none,63.2,41.5,27.5,29.40,18.99,131.61,scalene,obtuse,2.2982,112.6254,2.2982,112.63
triangles_original/050_T1.jpg,050,tilted,box,63.2,41.5,27.5,29.40,18.99,131.61,scalene,obtuse,2.2982,112.6254,2.2982,112.63
triangles_original/051_P0.jpg,051,planar,none,77.5,50.3,32,24.87,15.52,139.62,scalene,obtuse,2.4219,124.1003,2.4219,124.10
triangles_original/051_P1.jpg,051,planar,box,77.5,50.3,32,24.87,15.52,139.62,scalene,obtuse,2.4219,124.1003,2.4219,124.10
triangles_original/051_T0.jpg,051,tilted,none,77.5,50.3,32,24.87,15.52,139.62,scalene,obtuse,2.4219,124.1003,2.4219,124.10
triangles_original/051_T1.jpg,051,tilted,box,77.5,50.3,32,24.87,15.52,139.62,scalene,obtuse,2.4219,124.1003,2.4219,124.10
triangles_original/052_P0.jpg,052,planar,none,92.3,36.5,71.1,21.13,44.61,114.25,scalene,obtuse,1.2982,69.6360,2.5288,93.12
triangles_original/052_P1.jpg,052,planar,stool,92.3,36.5,71.1,21.13,44.61,114.25,scalene,obtuse,1.2982,69.6360,2.5288,93.12
triangles_original/052_T0.jpg,052,tilted,none,92.3,36.5,71.1,21.13,44.61,114.25,scalene,obtuse,1.2982,69.6360,2.5288,93.12
triangles_original/052_T1.jpg,052,tilted,stool,92.3,36.5,71.1,21.13,44.61,114.25,scalene,obtuse,1.2982,69.6360,2.5288,93.12
triangles_original/053_P0.jpg,053,planar,none,89,41,64.3,24.98,41.48,113.54,scalene,obtuse,1.3841,72.0557,2.1707,88.55
triangles_original/053_P1.jpg,053,planar,stool,89,41,64.3,24.98,41.48,113.54,scalene,obtuse,1.3841,72.0557,2.1707,88.55
triangles_original/053_T0.jpg,053,tilted,none,89,41,64.3,24.98,41.48,113.54,scalene,obtuse,1.3841,72.0557,2.1707,88.55
triangles_original/053_T1.jpg,053,tilted,stool,89,41,64.3,24.98,41.48,113.54,scalene,obtuse,1.3841,72.0557,2.1707,88.55
triangles_original/054_P0.jpg,054,planar,none,106.2,75.8,67.5,45.27,39.25,95.48,scalene,obtuse,1.5733,56.2271,1.5733,56.23
triangles_original/054_P1.jpg,054,planar,stool,106.2,75.8,67.5,45.27,39.25,95.48,scalene,obtuse,1.5733,56.2271,1.5733,56.23
triangles_original/054_T0.jpg,054,tilted,none,106.2,75.8,67.5,45.27,39.25,95.48,scalene,obtuse,1.5733,56.2271,1.5733,56.23
triangles_original/054_T1.jpg,054,tilted,stool,106.2,75.8,67.5,45.27,39.25,95.48,scalene,obtuse,1.5733,56.2271,1.5733,56.23
triangles_original/055_P0.jpg,055,planar,none,106.2,79.8,52.4,46.54,28.46,105.00,scalene,obtuse,2.0267,76.5377,2.0267,76.54
triangles_original/055_P1.jpg,055,planar,laptop,106.2,79.8,52.4,46.54,28.46,105.00,scalene,obtuse,2.0267,76.5377,2.0267,76.54
triangles_original/055_T0.jpg,055,tilted,none,106.2,79.8,52.4,46.54,28.46,105.00,scalene,obtuse,2.0267,76.5377,2.0267,76.54
triangles_original/055_T1.jpg,055,tilted,laptop,106.2,79.8,52.4,46.54,28.46,105.00,scalene,obtuse,2.0267,76.5377,2.0267,76.54
triangles_original/056_P0.jpg,056,planar,none,106.2,85,38.3,47.27,19.33,113.41,scalene,obtuse,2.7728,94.0797,2.7728,94.08
triangles_original/056_P1.jpg,056,planar,laptop,106.2,85,38.3,47.27,19.33,113.41,scalene,obtuse,2.7728,94.0797,2.7728,94.08
triangles_original/056_T0.jpg,056,tilted,none,106.2,85,38.3,47.27,19.33,113.41,scalene,obtuse,2.7728,94.0797,2.7728,94.08
triangles_original/056_T1.jpg,056,tilted,laptop,106.2,85,38.3,47.27,19.33,113.41,scalene,obtuse,2.7728,94.0797,2.7728,94.08
triangles_original/057_P0.jpg,057,planar,none,84,97.4,38.4,98.52,22.95,58.53,scalene,obtuse,2.1875,35.5802,2.5365,75.58
triangles_original/057_P1.jpg,057,planar,laptop,84,97.4,38.4,98.52,22.95,58.53,scalene,obtuse,2.1875,35.5802,2.5365,75.58
triangles_original/057_T0.jpg,057,tilted,none,84,97.4,38.4,98.52,22.95,58.53,scalene,obtuse,2.1875,35.5802,2.5365,75.58
triangles_original/057_T1.jpg,057,tilted,laptop,84,97.4,38.4,98.52,22.95,58.53,scalene,obtuse,2.1875,35.5802,2.5365,75.58
triangles_original/058_P0.jpg,058,planar,none,34.8,60.5,38.3,111.62,36.05,32.33,scalene,obtuse,0.9086,3.7257,1.7385,79.30
triangles_original/058_P1.jpg,058,planar,pillow,34.8,60.5,38.3,111.62,36.05,32.33,scalene,obtuse,0.9086,3.7257,1.7385,79.30
triangles_original/058_T0.jpg,058,tilted,none,34.8,60.5,38.3,111.62,36.05,32.33,scalene,obtuse,0.9086,3.7257,1.7385,79.30
triangles_original/058_T1.jpg,058,tilted,pillow,34.8,60.5,38.3,111.62,36.05,32.33,scalene,obtuse,0.9086,3.7257,1.7385,79.30
triangles_original/059_P0.jpg,059,planar,none,29.3,54.5,36.8,110.57,39.21,30.22,scalene,obtuse,0.7962,8.9904,1.8601,80.34
triangles_original/059_P1.jpg,059,planar,pillow,29.3,54.5,36.8,110.57,39.21,30.22,scalene,obtuse,0.7962,8.9904,1.8601,80.34
triangles_original/059_T0.jpg,059,tilted,none,29.3,54.5,36.8,110.57,39.21,30.22,scalene,obtuse,0.7962,8.9904,1.8601,80.34
triangles_original/059_T1.jpg,059,tilted,pillow,29.3,54.5,36.8,110.57,39.21,30.22,scalene,obtuse,0.7962,8.9904,1.8601,80.34
triangles_original/060_P0.jpg,060,planar,none,29.3,36.8,54.5,39.21,110.57,30.22,scalene,obtuse,0.5376,80.3433,1.8601,80.34
triangles_original/060_P1.jpg,060,planar,pillow,29.3,36.8,54.5,39.21,110.57,30.22,scalene,obtuse,0.5376,80.3433,1.8601,80.34
triangles_original/060_T0.jpg,060,tilted,none,29.3,36.8,54.5,39.21,110.57,30.22,scalene,obtuse,0.5376,80.3433,1.8601,80.34
triangles_original/060_T1.jpg,060,tilted,pillow,29.3,36.8,54.5,39.21,110.57,30.22,scalene,obtuse,0.5376,80.3433,1.8601,80.34
triangles_original/061_P0.jpg,061,planar,none,40,30,50,36.87,90.00,53.13,scalene,right,0.8000,36.8699,1.6667,53.13
triangles_original/061_P1.jpg,061,planar,rubiks cube,40,30,50,36.87,90.00,53.13,scalene,right,0.8000,36.8699,1.6667,53.13
triangles_original/061_T0.jpg,061,tilted,none,40,30,50,36.87,90.00,53.13,scalene,right,0.8000,36.8699,1.6667,53.13
triangles_original/061_T1.jpg,061,tilted,rubiks cube,40,30,50,36.87,90.00,53.13,scalene,right,0.8000,36.8699,1.6667,53.13
triangles_original/062_P0.jpg,062,planar,none,84.9,60,60,44.97,44.97,90.06,isosceles,right,1.4150,45.0956,1.4150,45.10
triangles_original/062_P1.jpg,062,planar,rubiks cube,84.9,60,60,44.97,44.97,90.06,isosceles,right,1.4150,45.0956,1.4150,45.10
triangles_original/062_T0.jpg,062,tilted,none,84.9,60,60,44.97,44.97,90.06,isosceles,right,1.4150,45.0956,1.4150,45.10
triangles_original/062_T1.jpg,062,tilted,rubiks cube,84.9,60,60,44.97,44.97,90.06,isosceles,right,1.4150,45.0956,1.4150,45.10
triangles_original/063_P0.jpg,063,planar,none,86.5,54.2,66.3,38.79,50.02,91.19,scalene,right,1.3047,41.1637,1.5959,52.40
triangles_original/063_P1.jpg,063,planar,rubiks cube,86.5,54.2,66.3,38.79,50.02,91.19,scalene,right,1.3047,41.1637,1.5959,52.40
triangles_original/063_T0.jpg,063,tilted,none,86.5,54.2,66.3,38.79,50.02,91.19,scalene,right,1.3047,41.1637,1.5959,52.40
triangles_original/063_T1.jpg,063,tilted,rubiks cube,86.5,54.2,66.3,38.79,50.02,91.19,scalene,right,1.3047,41.1637,1.5959,52.40
triangles_original/064_P0.jpg,064,planar,none,77,17.3,78.9,12.67,89.93,77.40,isosceles,right,0.9759,12.5334,4.5607,77.27
triangles_original/064_P1.jpg,064,planar,glass,77,17.3,78.9,12.67,89.93,77.40,isosceles,right,0.9759,12.5334,4.5607,77.27
triangles_original/064_T0.jpg,064,tilted,none,77,17.3,78.9,12.67,89.93,77.40,isosceles,right,0.9759,12.5334,4.5607,77.27
triangles_original/064_T1.jpg,064,tilted,glass,77,17.3,78.9,12.67,89.93,77.40,isosceles,right,0.9759,12.5334,4.5607,77.27
triangles_original/065_P0.jpg,065,planar,none,61.1,28.9,68.2,25.06,91.34,63.59,scalene,right,0.8959,27.7520,2.3599,66.28
triangles_original/065_P1.jpg,065,planar,glass,61.1,28.9,68.2,25.06,91.34,63.59,scalene,right,0.8959,27.7520,2.3599,66.28
triangles_original/065_T0.jpg,065,tilted,none,61.1,28.9,68.2,25.06,91.34,63.59,scalene,right,0.8959,27.7520,2.3599,66.28
triangles_original/065_T1.jpg,065,tilted,glass,61.1,28.9,68.2,25.06,91.34,63.59,scalene,right,0.8959,27.7520,2.3599,66.28
triangles_original/066_P0.jpg,066,planar,none,85.9,60.2,60.8,44.49,45.05,90.45,isosceles,right,1.4128,45.4006,1.4269,45.96
triangles_original/066_P1.jpg,066,planar,glass,85.9,60.2,60.8,44.49,45.05,90.45,isosceles,right,1.4128,45.4006,1.4269,45.96
triangles_original/066_T0.jpg,066,tilted,none,85.9,60.2,60.8,44.49,45.05,90.45,isosceles,right,1.4128,45.4006,1.4269,45.96
triangles_original/066_T1.jpg,066,tilted,glass,85.9,60.2,60.8,44.49,45.05,90.45,isosceles,right,1.4128,45.4006,1.4269,45.96
triangles_original/067_P0.jpg,067,planar,none,73.5,97.5,62.6,91.15,39.94,48.91,scalene,right,1.1741,8.9761,1.5575,51.22
triangles_original/067_P1.jpg,067,planar,iron,73.5,97.5,62.6,91.15,39.94,48.91,scalene,right,1.1741,8.9761,1.5575,51.22
triangles_original/067_T0.jpg,067,tilted,none,73.5,97.5,62.6,91.15,39.94,48.91,scalene,right,1.1741,8.9761,1.5575,51.22
triangles_original/067_T1.jpg,067,tilted,iron,73.5,97.5,62.6,91.15,39.94,48.91,scalene,right,1.1741,8.9761,1.5575,51.22
triangles_original/068_P0.jpg,068,planar,none,60.5,46.4,76.8,37.16,90.87,51.97,scalene,right,0.7878,38.8995,1.6552,53.70
triangles_original/068_P1.jpg,068,planar,iron,60.5,46.4,76.8,37.16,90.87,51.97,scalene,right,0.7878,38.8995,1.6552,53.70
triangles_original/068_T0.jpg,068,tilted,none,60.5,46.4,76.8,37.16,90.87,51.97,scalene,right,0.7878,38.8995,1.6552,53.70
triangles_original/068_T1.jpg,068,tilted,iron,60.5,46.4,76.8,37.16,90.87,51.97,scalene,right,0.7878,38.8995,1.6552,53.70
triangles_original/069_P0.jpg,069,planar,none,78,97.1,56.3,91.14,35.43,53.43,scalene,right,1.3854,18.0012,1.7247,55.71
triangles_original/069_P1.jpg,069,planar,iron,78,97.1,56.3,91.14,35.43,53.43,scalene,right,1.3854,18.0012,1.7247,55.71
triangles_original/069_T0.jpg,069,tilted,none,78,97.1,56.3,91.14,35.43,53.43,scalene,right,1.3854,18.0012,1.7247,55.71
triangles_original/069_T1.jpg,069,tilted,iron,78,97.1,56.3,91.14,35.43,53.43,scalene,right,1.3854,18.0012,1.7247,55.71
triangles_original/070_P0.jpg,070,planar,none,80,110.4,74.2,91.36,42.21,46.42,scalene,right,1.0782,4.2069,1.4879,49.15
triangles_original/070_P1.jpg,070,planar,book,80,110.4,74.2,91.36,42.21,46.42,scalene,right,1.0782,4.2069,1.4879,49.15
triangles_original/070_T0.jpg,070,tilted,none,80,110.4,74.2,91.36,42.21,46.42,scalene,right,1.0782,4.2069,1.4879,49.15
triangles_original/070_T1.jpg,070,tilted,book,80,110.4,74.2,91.36,42.21,46.42,scalene,right,1.0782,4.2069,1.4879,49.15
triangles_original/071_P0.jpg,071,planar,none,55.7,75.5,95,52.60,91.51,35.88,scalene,right,0.5863,55.6327,1.7056,55.63
triangles_original/071_P1.jpg,071,planar,book,55.7,75.5,95,52.60,91.51,35.88,scalene,right,0.5863,55.6327,1.7056,55.63
triangles_original/071_T0.jpg,071,tilted,none,55.7,75.5,95,52.60,91.51,35.88,scalene,right,0.5863,55.6327,1.7056,55.63
triangles_original/071_T1.jpg,071,tilted,book,55.7,75.5,95,52.60,91.51,35.88,scalene,right,0.5863,55.6327,1.7056,55.63
triangles_original/072_P0.jpg,072,planar,none,50,79.6,60,92.26,48.87,38.88,scalene,right,0.8333,9.9898,1.5920,53.38
triangles_original/072_P1.jpg,072,planar,book,50,79.6,60,92.26,48.87,38.88,scalene,right,0.8333,9.9898,1.5920,53.38
triangles_original/072_T0.jpg,072,tilted,none,50,79.6,60,92.26,48.87,38.88,scalene,right,0.8333,9.9898,1.5920,53.38
triangles_original/072_T1.jpg,072,tilted,book,50,79.6,60,92.26,48.87,38.88,scalene,right,0.8333,9.9898,1.5920,53.38
triangles_original/073_P0.jpg,073,planar,none,73.6,70.2,103.1,42.89,91.58,45.53,scalene,right,0.7139,46.0498,1.4687,48.69
triangles_original/073_P1.jpg,073,planar,kettle,73.6,70.2,103.1,42.89,91.58,45.53,scalene,right,0.7139,46.0498,1.4687,48.69
triangles_original/073_T0.jpg,073,tilted,none,73.6,70.2,103.1,42.89,91.58,45.53,scalene,right,0.7139,46.0498,1.4687,48.69
triangles_original/073_T1.jpg,073,tilted,kettle,73.6,70.2,103.1,42.89,91.58,45.53,scalene,right,0.7139,46.0498,1.4687,48.69
triangles_original/074_P0.jpg,074,planar,none,80.3,60.3,101.5,36.44,91.29,52.27,scalene,right,0.7911,39.0176,1.6833,54.85
triangles_original/074_P1.jpg,074,planar,kettle,80.3,60.3,101.5,36.44,91.29,52.27,scalene,right,0.7911,39.0176,1.6833,54.85
triangles_original/074_T0.jpg,074,tilted,none,80.3,60.3,101.5,36.44,91.29,52.27,scalene,right,0.7911,39.0176,1.6833,54.85
triangles_original/074_T1.jpg,074,tilted,kettle,80.3,60.3,101.5,36.44,91.29,52.27,scalene,right,0.7911,39.0176,1.6833,54.85
triangles_original/075_P0.jpg,075,planar,none,51.9,92,75.1,90.96,54.71,34.34,scalene,right,0.6911,20.3688,1.7726,56.62
triangles_original/075_P1.jpg,075,planar,kettle,51.9,92,75.1,90.96,54.71,34.34,scalene,right,0.6911,20.3688,1.7726,56.62
triangles_original/075_T0.jpg,075,tilted,none,51.9,92,75.1,90.96,54.71,34.34,scalene,right,0.6911,20.3688,1.7726,56.62
triangles_original/075_T1.jpg,075,tilted,kettle,51.9,92,75.1,90.96,54.71,34.34,scalene,right,0.6911,20.3688,1.7726,56.62
triangles_original/076_P0.jpg,076,planar,none,95,73.9,60,51.07,39.17,89.77,scalene,right,1.5833,50.5997,1.5833,50.60
triangles_original/076_P1.jpg,076,planar,apple,95,73.9,60,51.07,39.17,89.77,scalene,right,1.5833,50.5997,1.5833,50.60
triangles_original/076_T0.jpg,076,tilted,none,95,73.9,60,51.07,39.17,89.77,scalene,right,1.5833,50.5997,1.5833,50.60
triangles_original/076_T1.jpg,076,tilted,apple,95,73.9,60,51.07,39.17,89.77,scalene,right,1.5833,50.5997,1.5833,50.60
triangles_original/077_P0.jpg,077,planar,none,80.2,43.9,68.5,33.17,58.62,88.21,scalene,right,1.1708,29.5978,1.8269,55.04
triangles_original/077_P1.jpg,077,planar,apple,80.2,43.9,68.5,33.17,58.62,88.21,scalene,right,1.1708,29.5978,1.8269,55.04
triangles_original/077_T0.jpg,077,tilted,none,80.2,43.9,68.5,33.17,58.62,88.21,scalene,right,1.1708,29.5978,1.8269,55.04
triangles_original/077_T1.jpg,077,tilted,apple,80.2,43.9,68.5,33.17,58.62,88.21,scalene,right,1.1708,29.5978,1.8269,55.04
triangles_original/078_P0.jpg,078,planar,none,60.4,15.6,58.2,14.97,74.48,90.55,scalene,right,1.0378,16.0754,3.8718,75.59
triangles_original/078_P1.jpg,078,planar,apple,60.4,15.6,58.2,14.97,74.48,90.55,scalene,right,1.0378,16.0754,3.8718,75.59
triangles_original/078_T0.jpg,078,tilted,none,60.4,15.6,58.2,14.97,74.48,90.55,scalene,right,1.0378,16.0754,3.8718,75.59
triangles_original/078_T1.jpg,078,tilted,apple,60.4,15.6,58.2,14.97,74.48,90.55,scalene,right,1.0378,16.0754,3.8718,75.59
triangles_original/079_P0.jpg,079,planar,none,96,25,92.5,15.09,74.48,90.43,scalene,right,1.0378,15.9553,3.8400,75.34
triangles_original/079_P1.jpg,079,planar,box,96,25,92.5,15.09,74.48,90.43,scalene,right,1.0378,15.9553,3.8400,75.34
triangles_original/079_T0.jpg,079,tilted,none,96,25,92.5,15.09,74.48,90.43,scalene,right,1.0378,15.9553,3.8400,75.34
triangles_original/079_T1.jpg,079,tilted,box,96,25,92.5,15.09,74.48,90.43,scalene,right,1.0378,15.9553,3.8400,75.34
triangles_original/080_P0.jpg,080,planar,none,64.7,57.6,29.6,62.91,27.23,89.87,scalene,right,2.1858,62.6429,2.1858,62.64
triangles_original/080_P1.jpg,080,planar,box,64.7,57.6,29.6,62.91,27.23,89.87,scalene,right,2.1858,62.6429,2.1858,62.64
triangles_original/080_T0.jpg,080,tilted,none,64.7,57.6,29.6,62.91,27.23,89.87,scalene,right,2.1858,62.6429,2.1858,62.64
triangles_original/080_T1.jpg,080,tilted,box,64.7,57.6,29.6,62.91,27.23,89.87,scalene,right,2.1858,62.6429,2.1858,62.64
triangles_original/081_P0.jpg,081,planar,none,70.5,97.3,65.5,91.28,42.30,46.42,scalene,right,1.0763,4.1179,1.4855,48.98
triangles_original/081_P1.jpg,081,planar,box,70.5,97.3,65.5,91.28,42.30,46.42,scalene,right,1.0763,4.1179,1.4855,48.98
triangles_original/081_T0.jpg,081,tilted,none,70.5,97.3,65.5,91.28,42.30,46.42,scalene,right,1.0763,4.1179,1.4855,48.98
triangles_original/081_T1.jpg,081,tilted,box,70.5,97.3,65.5,91.28,42.30,46.42,scalene,right,1.0763,4.1179,1.4855,48.98
triangles_original/082_P0.jpg,082,planar,none,95.1,131.3,93.1,88.47,45.14,46.39,isosceles,right,1.0215,1.2506,1.4103,43.33
triangles_original/082_P1.jpg,082,planar,stool,95.1,131.3,93.1,88.47,45.14,46.39,isosceles,right,1.0215,1.2506,1.4103,43.33
triangles_original/082_T0.jpg,082,tilted,none,95.1,131.3,93.1,88.47,45.14,46.39,isosceles,right,1.0215,1.2506,1.4103,43.33
triangles_original/082_T1.jpg,082,tilted,stool,95.1,131.3,93.1,88.47,45.14,46.39,isosceles,right,1.0215,1.2506,1.4103,43.33
triangles_original/083_P0.jpg,083,planar,none,71.5,40,82.8,28.88,91.44,59.68,scalene,right,0.8635,31.7545,2.0700,62.56
triangles_original/083_P1.jpg,083,planar,stool,71.5,40,82.8,28.88,91.44,59.68,scalene,right,0.8635,31.7545,2.0700,62.56
triangles_original/083_T0.jpg,083,tilted,none,71.5,40,82.8,28.88,91.44,59.68,scalene,right,0.8635,31.7545,2.0700,62.56
triangles_original/083_T1.jpg,083,tilted,stool,71.5,40,82.8,28.88,91.44,59.68,scalene,right,0.8635,31.7545,2.0700,62.56
triangles_original/084_P0.jpg,084,planar,none,84,120.5,86.4,90.00,45.81,44.19,isosceles,right,0.9722,1.6139,1.4345,45.80
triangles_original/084_P1.jpg,084,planar,stool,84,120.5,86.4,90.00,45.81,44.19,isosceles,right,0.9722,1.6139,1.4345,45.80
triangles_original/084_T0.jpg,084,tilted,none,84,120.5,86.4,90.00,45.81,44.19,isosceles,right,0.9722,1.6139,1.4345,45.80
triangles_original/084_T1.jpg,084,tilted,stool,84,120.5,86.4,90.00,45.81,44.19,isosceles,right,0.9722,1.6139,1.4345,45.80
triangles_original/085_P0.jpg,085,planar,none,84,120.5,86.4,90.00,45.81,44.19,isosceles,right,0.9722,1.6139,1.4345,45.80
triangles_original/085_P1.jpg,085,planar,laptop,84,120.5,86.4,90.00,45.81,44.19,isosceles,right,0.9722,1.6139,1.4345,45.80
triangles_original/085_T0.jpg,085,tilted,none,84,120.5,86.4,90.00,45.81,44.19,isosceles,right,0.9722,1.6139,1.4345,45.80
triangles_original/085_T1.jpg,085,tilted,laptop,84,120.5,86.4,90.00,45.81,44.19,isosceles,right,0.9722,1.6139,1.4345,45.80
triangles_original/086_P0.jpg,086,planar,none,78.5,35.2,70.4,26.64,63.74,89.62,scalene,right,1.1151,25.8791,2.2301,62.98
triangles_original/086_P1.jpg,086,planar,laptop,78.5,35.2,70.4,26.64,63.74,89.62,scalene,right,1.1151,25.8791,2.2301,62.98
triangles_original/086_T0.jpg,086,tilted,none,78.5,35.2,70.4,26.64,63.74,89.62,scalene,right,1.1151,25.8791,2.2301,62.98
triangles_original/086_T1.jpg,086,tilted,laptop,78.5,35.2,70.4,26.64,63.74,89.62,scalene,right,1.1151,25.8791,2.2301,62.98
triangles_original/087_P0.jpg,087,planar,none,86.7,88.9,20.5,89.45,13.33,77.22,isosceles,right,4.2293,63.8838,4.3366,76.12
triangles_original/087_P1.jpg,087,planar,laptop,86.7,88.9,20.5,89.45,13.33,77.22,isosceles,right,4.2293,63.8838,4.3366,76.12
triangles_original/087_T0.jpg,087,tilted,none,86.7,88.9,20.5,89.45,13.33,77.22,isosceles,right,4.2293,63.8838,4.3366,76.12
triangles_original/087_T1.jpg,087,tilted,laptop,86.7,88.9,20.5,89.45,13.33,77.22,isosceles,right,4.2293,63.8838,4.3366,76.12
triangles_original/088_P0.jpg,088,planar,none,59.2,54,79.8,42.58,89.53,47.89,scalene,right,0.7419,41.6411,1.4778,46.94
triangles_original/088_P1.jpg,088,planar,pillow,59.2,54,79.8,42.58,89.53,47.89,scalene,right,0.7419,41.6411,1.4778,46.94
triangles_original/088_T0.jpg,088,tilted,none,59.2,54,79.8,42.58,89.53,47.89,scalene,right,0.7419,41.6411,1.4778,46.94
triangles_original/088_T1.jpg,088,tilted,pillow,59.2,54,79.8,42.58,89.53,47.89,scalene,right,0.7419,41.6411,1.4778,46.94
triangles_original/089_P0.jpg,089,planar,none,66.8,64.2,92.6,43.89,89.94,46.17,scalene,right,0.7214,43.7704,1.4424,46.05
triangles_original/089_P1.jpg,089,planar,pillow,66.8,64.2,92.6,43.89,89.94,46.17,scalene,right,0.7214,43.7704,1.4424,46.05
triangles_original/089_T0.jpg,089,tilted,none,66.8,64.2,92.6,43.89,89.94,46.17,scalene,right,0.7214,43.7704,1.4424,46.05
triangles_original/089_T1.jpg,089,tilted,pillow,66.8,64.2,92.6,43.89,89.94,46.17,scalene,right,0.7214,43.7704,1.4424,46.05
triangles_original/090_P0.jpg,090,planar,none,10.7,92.6,91.9,90.43,82.94,6.64,scalene,right,0.1164,76.3025,8.6542,83.79
triangles_original/090_P1.jpg,090,planar,pillow,10.7,92.6,91.9,90.43,82.94,6.64,scalene,right,0.1164,76.3025,8.6542,83.79
triangles_original/090_T0.jpg,090,tilted,none,10.7,92.6,91.9,90.43,82.94,6.64,scalene,right,0.1164,76.3025,8.6542,83.79
triangles_original/090_T1.jpg,090,tilted,pillow,10.7,92.6,91.9,90.43,82.94,6.64,scalene,right,0.1164,76.3025,8.6542,83.79
triangles_original/091_P0.jpg,091,planar,none,90,90,90,60.00,60.00,60.00,equilateral,acute,1.0000,0.0000,1.0000,0.00
triangles_original/091_P1.jpg,091,planar,rubiks cube,90,90,90,60.00,60.00,60.00,equilateral,acute,1.0000,0.0000,1.0000,0.00
triangles_original/091_T0.jpg,091,tilted,none,90,90,90,60.00,60.00,60.00,equilateral,acute,1.0000,0.0000,1.0000,0.00
triangles_original/091_T1.jpg,091,tilted,rubiks cube,90,90,90,60.00,60.00,60.00,equilateral,acute,1.0000,0.0000,1.0000,0.00
triangles_original/092_P0.jpg,092,planar,none,70,70,70,60.00,60.00,60.00,equilateral,acute,1.0000,0.0000,1.0000,0.00
triangles_original/092_P1.jpg,092,planar,glass,70,70,70,60.00,60.00,60.00,equilateral,acute,1.0000,0.0000,1.0000,0.00
triangles_original/092_T0.jpg,092,tilted,none,70,70,70,60.00,60.00,60.00,equilateral,acute,1.0000,0.0000,1.0000,0.00
triangles_original/092_T1.jpg,092,tilted,glass,70,70,70,60.00,60.00,60.00,equilateral,acute,1.0000,0.0000,1.0000,0.00
triangles_original/093_P0.jpg,093,planar,none,60,60,60,60.00,60.00,60.00,equilateral,acute,1.0000,0.0000,1.0000,0.00
triangles_original/093_P1.jpg,093,planar,iron,60,60,60,60.00,60.00,60.00,equilateral,acute,1.0000,0.0000,1.0000,0.00
triangles_original/093_T0.jpg,093,tilted,none,60,60,60,60.00,60.00,60.00,equilateral,acute,1.0000,0.0000,1.0000,0.00
triangles_original/093_T1.jpg,093,tilted,iron,60,60,60,60.00,60.00,60.00,equilateral,acute,1.0000,0.0000,1.0000,0.00
triangles_original/094_P0.jpg,094,planar,none,50.3,50.6,50,60.59,59.41,60.00,equilateral,acute,1.0060,0.5866,1.0120,1.18
triangles_original/094_P1.jpg,094,planar,book,50.3,50.6,50,60.59,59.41,60.00,equilateral,acute,1.0060,0.5866,1.0120,1.18
triangles_original/094_T0.jpg,094,tilted,none,50.3,50.6,50,60.59,59.41,60.00,equilateral,acute,1.0060,0.5866,1.0120,1.18
triangles_original/094_T1.jpg,094,tilted,book,50.3,50.6,50,60.59,59.41,60.00,equilateral,acute,1.0060,0.5866,1.0120,1.18
triangles_original/095_P0.jpg,095,planar,none,30.3,30.8,30.4,60.98,59.67,59.35,equilateral,acute,0.9967,0.3206,1.0165,1.63
triangles_original/095_P1.jpg,095,planar,kettle,30.3,30.8,30.4,60.98,59.67,59.35,equilateral,acute,0.9967,0.3206,1.0165,1.63
triangles_original/095_T0.jpg,095,tilted,none,30.3,30.8,30.4,60.98,59.67,59.35,equilateral,acute,0.9967,0.3206,1.0165,1.63
triangles_original/095_T1.jpg,095,tilted,kettle,30.3,30.8,30.4,60.98,59.67,59.35,equilateral,acute,0.9967,0.3206,1.0165,1.63
triangles_original/096_P0.jpg,096,planar,none,89.7,90.4,90,60.41,59.96,59.63,equilateral,acute,0.9967,0.3287,1.0078,0.77
triangles_original/096_P1.jpg,096,planar,apple,89.7,90.4,90,60.41,59.96,59.63,equilateral,acute,0.9967,0.3287,1.0078,0.77
triangles_original/096_T0.jpg,096,tilted,none,89.7,90.4,90,60.41,59.96,59.63,equilateral,acute,0.9967,0.3287,1.0078,0.77
triangles_original/096_T1.jpg,096,tilted,apple,89.7,90.4,90,60.41,59.96,59.63,equilateral,acute,0.9967,0.3287,1.0078,0.77
triangles_original/097_P0.jpg,097,planar,none,40,40,40,60.00,60.00,60.00,equilateral,acute,1.0000,0.0000,1.0000,0.00
triangles_original/097_P1.jpg,097,planar,box,40,40,40,60.00,60.00,60.00,equilateral,acute,1.0000,0.0000,1.0000,0.00
triangles_original/097_T0.jpg,097,tilted,none,40,40,40,60.00,60.00,60.00,equilateral,acute,1.0000,0.0000,1.0000,0.00
triangles_original/097_T1.jpg,097,tilted,box,40,40,40,60.00,60.00,60.00,equilateral,acute,1.0000,0.0000,1.0000,0.00
triangles_original/098_P0.jpg,098,planar,none,20,20,20,60.00,60.00,60.00,equilateral,acute,1.0000,0.0000,1.0000,0.00
triangles_original/098_P1.jpg,098,planar,stool,20,20,20,60.00,60.00,60.00,equilateral,acute,1.0000,0.0000,1.0000,0.00
triangles_original/098_T0.jpg,098,tilted,none,20,20,20,60.00,60.00,60.00,equilateral,acute,1.0000,0.0000,1.0000,0.00
triangles_original/098_T1.jpg,098,tilted,stool,20,20,20,60.00,60.00,60.00,equilateral,acute,1.0000,0.0000,1.0000,0.00
triangles_original/099_P0.jpg,099,planar,none,90,90,90,60.00,60.00,60.00,equilateral,acute,1.0000,0.0000,1.0000,0.00
triangles_original/099_P1.jpg,099,planar,laptop,90,90,90,60.00,60.00,60.00,equilateral,acute,1.0000,0.0000,1.0000,0.00
triangles_original/099_T0.jpg,099,tilted,none,90,90,90,60.00,60.00,60.00,equilateral,acute,1.0000,0.0000,1.0000,0.00
triangles_original/099_T1.jpg,099,tilted,laptop,90,90,90,60.00,60.00,60.00,equilateral,acute,1.0000,0.0000,1.0000,0.00
triangles_original/100_P0.jpg,100,planar,none,60.2,59.4,60,59.23,60.22,60.55,equilateral,acute,1.0033,0.3354,1.0135,1.32
triangles_original/100_P1.jpg,100,planar,pillow,60.2,59.4,60,59.23,60.22,60.55,equilateral,acute,1.0033,0.3354,1.0135,1.32
triangles_original/100_T0.jpg,100,tilted,none,60.2,59.4,60,59.23,60.22,60.55,equilateral,acute,1.0033,0.3354,1.0135,1.32
triangles_original/100_T1.jpg,100,tilted,pillow,60.2,59.4,60,59.23,60.22,60.55,equilateral,acute,1.0033,0.3354,1.0135,1.32
