img_original,triangle_id,camera_view,object_in_square,gemini_2.5_pro_side_type,gemini_2.5_pro_angle_type,gemini_2.5_pro_ab_over_ac,gemini_2.5_pro_abs_b_minus_c_deg,gemini_2.5_pro_max_over_min_side,gemini_2.5_pro_angle_range_deg,gemini_2.5_flash_side_type,gemini_2.5_flash_angle_type,gemini_2.5_flash_ab_over_ac,gemini_2.5_flash_abs_b_minus_c_deg,gemini_2.5_flash_max_over_min_side,gemini_2.5_flash_angle_range_deg,openai_gpt_5_side_type,openai_gpt_5_angle_type,openai_gpt_5_ab_over_ac,openai_gpt_5_abs_b_minus_c_deg,openai_gpt_5_max_over_min_side,openai_gpt_5_angle_range_deg,qwen_2.5_32b_side_type,qwen_2.5_32b_angle_type,qwen_2.5_32b_ab_over_ac,qwen_2.5_32b_abs_b_minus_c_deg,qwen_2.5_32b_max_over_min_side,qwen_2.5_32b_angle_range_deg
triangles_original/001_P0.jpg,001,planar,none,scalene,acute,0.9558,4.09,1.0947,9.0112,scalene,acute,0.5737,39.4299,1.7568,40.9457,scalene,acute,1.468,19.962,1.579,24.66,scalene,acute,1.4142,26.5651,1.4142,26.5651
triangles_original/001_P1.jpg,001,planar,rubiks cube,scalene,acute,0.843,18.7597,1.1862,18.7597,scalene,acute,0.7502,28.6203,1.3329,28.6203,scalene,acute,0.9632,10.2145,1.2334,18.5479,scalene,acute,1.4142,15.0,1.4142,30.0
triangles_original/001_T0.jpg,001,tilted,none,scalene,acute,0.7998,21.1153,1.2503,21.1153,scalene,acute,0.8905,27.0002,2.191,62.7091,scalene,acute,1.285,9.6,1.37,15.4,scalene,acute,1.4142,15.0,1.4142,30.0
triangles_original/001_T1.jpg,001,tilted,rubiks cube,scalene,acute,0.5517,54.3169,1.8125,54.3169,scalene,acute,0.72,33.9958,1.388,33.9958,scalene,acute,1.2375,14.6283,1.2857,17.9432,scalene,acute,1.4142,15.0,1.4142,30.0
triangles_original/002_P0.jpg,002,planar,none,scalene,acute,1.3316,31.6255,1.3316,31.6255,scalene,acute,0.5064,40.8024,2.0993,54.6197,scalene,acute,1.307,16.722,1.391,17.934,scalene,acute,1.4142,26.5651,1.4142,26.5651
triangles_original/002_P1.jpg,002,planar,rubiks cube,scalene,acute,0.9946,0.6882,1.2231,17.7459,scalene,acute,0.5089,58.3015,1.9649,58.3015,scalene,acute,1.275,14.73,1.368,18.52,scalene,acute,1.4142,15.0,1.4142,30.0
triangles_original/002_T0.jpg,002,tilted,none,scalene,acute,0.4319,63.2129,2.3155,63.2129,scalene,acute,0.6394,37.8275,1.5642,37.8275,scalene,acute,1.177,10.538,1.245,14.89,scalene,acute,1.2345,15.6789,1.4567,23.4567
triangles_original/002_T1.jpg,002,tilted,rubiks cube,scalene,acute,0.9751,4.023,1.4982,32.7966,scalene,obtuse,2.845,104.4455,2.845,104.4455,scalene,acute,1.268,10.422,1.347,13.875,scalene,acute,1.2345,15.6789,1.5678,23.4567
triangles_original/003_P0.jpg,003,planar,none,scalene,acute,0.9,23.6647,2.112,59.4506,scalene,acute,0.8259,20.77,1.2107,20.77,scalene,obtuse,1.54,14.2,1.72,32.6,scalene,acute,1.4142,26.5651,1.4142,26.5651
triangles_original/003_P1.jpg,003,planar,rubiks cube,scalene,acute,1.0081,1.1475,1.3383,24.4712,scalene,acute,1.0113,2.3658,1.4971,32.6535,scalene,acute,1.37,14.2,1.45,20.3,scalene,acute,1.4142,26.5651,1.4142,26.5651
triangles_original/003_T0.jpg,003,tilted,none,scalene,obtuse,0.7281,62.1486,1.9622,77.2082,scalene,obtuse,1.037,160.8556,3.1653,160.8556,scalene,acute,1.2785,11.4321,1.3197,15.8932,scalene,acute,1.4142,15.0,1.4142,30.0
triangles_original/003_T1.jpg,003,tilted,rubiks cube,scalene,obtuse,0.5719,81.327,1.8094,81.327,scalene,obtuse,0.2944,55.7693,3.5719,75.7088,scalene,acute,1.34,7.8,1.42,13.2,scalene,acute,1.4142,15.0,1.4142,30.0
triangles_original/004_P0.jpg,004,planar,none,scalene,obtuse,1.0075,0.3913,1.4789,52.5496,scalene,acute,0.7935,27.4977,1.2737,28.2616,scalene,acute,1.384,8.72,1.468,16.2,scalene,acute,1.4142,15.0,1.4142,30.0
triangles_original/004_P1.jpg,004,planar,glass,scalene,obtuse,1.0075,0.2902,1.5796,65.8349,scalene,acute,0.8649,17.0173,1.2142,20.8053,isosceles,acute,0.9938,1.2164,1.0472,5.6821,scalene,acute,1.4142,15.0,1.4142,30.0
triangles_original/004_T0.jpg,004,tilted,none,scalene,obtuse,0.4601,116.8143,2.1733,116.8143,scalene,obtuse,0.5154,92.8743,1.9402,92.8743,scalene,acute,1.2145,10.8732,1.2967,15.4325,scalene,acute,1.4142,15.0,1.4142,30.0
triangles_original/004_T1.jpg,004,tilted,glass,scalene,acute,0.6948,44.4333,1.4393,44.4333,scalene,obtuse,0.4895,72.0222,2.043,72.0222,scalene,acute,1.236,14.527,1.298,18.942,scalene,acute,1.2345,15.6789,1.5678,23.4567
triangles_original/005_P0.jpg,005,planar,none,scalene,obtuse,1.1638,7.4399,1.6392,61.0226,scalene,acute,1.0788,4.5721,1.43,42.5738,scalene,acute,1.1694,10.3127,1.2386,16.9074,scalene,acute,1.4142,15.0,1.4142,30.0
triangles_original/005_P1.jpg,005,planar,glass,scalene,acute,1.1142,7.2298,1.3773,35.2715,scalene,acute,1.0887,4.9127,1.4696,46.4356,scalene,acute,1.192,10.87,1.231,13.5,scalene,acute,1.4142,15.0,1.4142,30.0
triangles_original/005_T0.jpg,005,tilted,none,scalene,obtuse,1.708,18.5085,2.3286,93.4758,scalene,obtuse,0.8915,5.9783,1.555,54.0213,scalene,acute,1.167,12.53,1.231,15.42,scalene,acute,1.2345,15.6789,1.5678,23.4567
triangles_original/005_T1.jpg,005,tilted,glass,scalene,obtuse,1.4769,17.714,1.9488,71.9165,scalene,obtuse,0.9259,2.8977,1.744,82.2593,scalene,acute,1.3285,10.742,1.4217,15.6134,scalene,acute,1.2345,15.6789,1.5678,23.4567
triangles_original/006_P0.jpg,006,planar,none,scalene,acute,1.6244,37.1735,1.6244,37.1735,scalene,acute,1.2069,20.0036,1.2069,20.0036,scalene,acute,1.39,12.0,1.44,14.0,scalene,acute,1.4142,26.5651,1.4142,26.5651
triangles_original/006_P1.jpg,006,planar,glass,scalene,acute,0.9465,5.2228,1.0604,5.6123,scalene,acute,0.9162,9.4506,1.112,11.062,scalene,acute,1.2034,11.2765,1.2378,13.8492,scalene,acute,1.4142,15.0,1.4142,30.0
triangles_original/006_T0.jpg,006,tilted,none,scalene,acute,1.928,39.8474,2.0505,53.4841,scalene,acute,1.231,12.6764,1.534,45.7184,scalene,acute,1.3025,11.7432,1.4187,14.5621,scalene,acute,1.2345,15.6789,1.5678,23.4567
triangles_original/006_T1.jpg,006,tilted,glass,scalene,acute,0.9362,5.042,1.2396,22.876,scalene,obtuse,2.2388,35.2864,2.6144,78.5075,scalene,acute,1.271,14.382,1.368,20.947,scalene,acute,1.2345,15.6789,1.4567,23.4567
triangles_original/007_P0.jpg,007,planar,none,scalene,obtuse,0.4738,39.187,2.3379,64.8417,scalene,obtuse,0.6254,15.0111,2.2774,98.547,scalene,right,0.716,35.5377,1.3975,35.5377,scalene,acute,1.4142,26.5651,1.4142,26.5651
triangles_original/007_P1.jpg,007,planar,iron,scalene,obtuse,0.5353,64.458,1.8684,64.458,scalene,obtuse,0.3802,72.1119,2.6305,72.1119,scalene,acute,1.369,14.27,1.419,16.77,scalene,acute,1.4142,26.5651,1.4142,26.5651
triangles_original/007_T0.jpg,007,tilted,none,scalene,acute,0.7227,18.322,1.7056,53.987,scalene,acute,0.7585,16.0794,1.6357,51.0426,scalene,acute,1.325,13.72,1.48,18.6,scalene,acute,1.4142,15.0,1.4142,30.0
triangles_original/007_T1.jpg,007,tilted,iron,scalene,acute,1.0783,7.2293,1.0783,7.2293,scalene,acute,0.9958,0.2938,1.2256,23.2372,scalene,acute,1.186,8.527,1.279,15.942,scalene,acute,1.2345,15.6789,1.4567,23.4567
triangles_original/008_P0.jpg,008,planar,none,scalene,acute,1.0739,12.8852,1.7097,43.8892,scalene,acute,1.0659,10.3301,1.5051,35.0975,scalene,acute,1.157,5.932,1.238,10.761,scalene,acute,1.4142,26.5651,1.4142,26.5651
triangles_original/008_P1.jpg,008,planar,iron,scalene,acute,1.037,7.2694,1.848,45.747,scalene,obtuse,1.3929,75.386,2.2132,91.653,scalene,acute,0.7521,9.8342,1.3295,14.2127,scalene,acute,1.4142,15.0,1.4142,30.0
triangles_original/008_T0.jpg,008,tilted,none,scalene,obtuse,0.6819,57.1323,1.5914,61.1056,scalene,obtuse,1.2909,52.2196,2.0186,72.5116,scalene,acute,1.258,9.732,1.341,14.58,scalene,acute,1.4142,15.0,1.4142,30.0
triangles_original/008_T1.jpg,008,tilted,iron,scalene,acute,0.8178,30.7144,1.5473,46.2126,scalene,acute,0.8902,16.3453,1.3935,31.9029,scalene,acute,1.298,11.43,1.357,17.92,scalene,acute,1.2345,15.6789,1.4567,23.4567
triangles_original/009_P0.jpg,009,planar,none,scalene,acute,0.7122,23.6777,1.5368,38.0291,scalene,acute,1.1269,7.2883,1.4729,44.7386,scalene,acute,0.705,9.981,1.383,14.215,scalene,acute,1.4142,15.0,1.4142,30.0
triangles_original/009_P1.jpg,009,planar,iron,scalene,acute,0.8277,12.745,1.4334,36.9011,scalene,acute,1.5623,27.2779,1.7694,50.0755,scalene,acute,0.814,9.23,1.342,17.56,scalene,acute,1.4142,15.0,1.4142,30.0
triangles_original/009_T0.jpg,009,tilted,none,scalene,obtuse,0.6096,20.3603,2.1552,80.5946,scalene,obtuse,0.8593,6.4731,1.7355,72.8301,scalene,acute,1.278,10.932,1.346,18.451,scalene,acute,1.4142,15.0,1.4142,30.0
triangles_original/009_T1.jpg,009,tilted,iron,scalene,obtuse,0.6034,23.2735,2.0848,72.2732,scalene,obtuse,1.4588,0.2382,2.4588,179.046,scalene,acute,1.1472,8.5637,1.2135,15.2941,scalene,acute,1.2345,15.6789,1.5678,23.4567
triangles_original/010_P0.jpg,010,planar,none,scalene,acute,1.2183,28.07,1.455,39.5917,scalene,acute,1.16,17.8355,1.2391,22.8292,scalene,acute,1.274,13.827,1.406,17.296,scalene,acute,1.4142,26.5651,1.4142,26.5651
triangles_original/010_P1.jpg,010,planar,book,scalene,acute,1.0637,6.7817,1.1175,11.1382,scalene,acute,0.8632,12.1655,1.236,20.2159,scalene,acute,1.185,8.63,1.232,16.7,scalene,acute,1.4142,15.0,1.4142,30.0
triangles_original/010_T0.jpg,010,tilted,none,scalene,acute,1.5329,41.0106,1.5329,41.0106,scalene,obtuse,1.3654,53.9263,1.7713,66.2607,scalene,acute,1.2375,10.842,1.3012,16.4573,scalene,acute,1.4142,15.0,1.4142,30.0
triangles_original/010_T1.jpg,010,tilted,book,scalene,acute,1.1816,21.315,1.3153,29.0334,scalene,acute,2.4354,55.4975,2.4354,55.4975,scalene,acute,1.23,8.5,1.35,15.0,scalene,acute,1.4142,15.0,1.4142,30.0
triangles_original/011_P0.jpg,011,planar,none,scalene,acute,1.3372,17.556,1.6147,47.9678,scalene,acute,1.4766,36.8941,1.4766,36.8941,scalene,acute,1.274,10.982,1.396,12.616,scalene,acute,1.4142,26.5651,1.4142,26.5651
triangles_original/011_P1.jpg,011,planar,book,scalene,acute,1.2837,16.1749,1.5204,41.7884,scalene,obtuse,0.8542,6.928,1.7133,69.3912,scalene,acute,1.304,14.27,1.373,16.54,scalene,acute,1.4142,15.0,1.4142,30.0
triangles_original/011_T0.jpg,011,tilted,none,scalene,obtuse,1.4668,20.6446,1.806,58.5554,scalene,acute,1.5645,28.2223,1.7415,47.6828,scalene,acute,1.197,13.42,1.245,15.7,scalene,acute,1.4142,15.0,1.4142,30.0
triangles_original/011_T1.jpg,011,tilted,book,scalene,obtuse,1.8839,31.7936,2.1956,67.1035,scalene,acute,1.8355,40.348,1.8893,46.268,scalene,acute,1.2345,7.52,1.271,15.1,scalene,acute,1.2345,15.6789,1.5678,23.4567
triangles_original/012_P0.jpg,012,planar,none,scalene,acute,1.1291,11.2471,1.1291,11.2471,scalene,acute,1.0225,1.5816,1.2582,26.1769,scalene,acute,1.383,10.927,1.436,15.828,scalene,acute,1.4142,26.5651,1.4142,26.5651
triangles_original/012_P1.jpg,012,planar,book,scalene,acute,0.961,2.9145,1.2508,24.828,scalene,acute,0.8876,7.9459,1.3801,34.9969,scalene,acute,1.205,8.6,1.243,14.7,scalene,acute,1.4142,15.0,1.4142,30.0
triangles_original/012_T0.jpg,012,tilted,none,scalene,obtuse,0.8208,4.3599,2.0693,118.4343,scalene,obtuse,0.343,162.5848,2.9158,162.5848,scalene,acute,1.2914,12.4362,1.3278,16.8517,scalene,acute,1.2345,15.6789,1.5678,23.4567
triangles_original/012_T1.jpg,012,tilted,book,scalene,obtuse,2.0133,24.308,2.5953,94.2041,scalene,obtuse,0.1885,174.1505,5.3056,174.1505,scalene,acute,1.236,13.52,1.289,17.84,scalene,acute,1.25,15.0,1.5,20.0
triangles_original/013_P0.jpg,013,planar,none,scalene,acute,1.2465,31.4634,1.4718,41.9078,isosceles,acute,0.9718,2.8898,1.029,2.8898,scalene,acute,1.176,8.42,1.217,14.77,scalene,acute,1.4142,26.5651,1.4142,26.5651
triangles_original/013_P1.jpg,013,planar,kettle,scalene,acute,1.0408,6.2356,1.4756,32.5549,scalene,acute,0.7416,35.3321,1.3484,35.3321,scalene,acute,1.2684,14.392,1.3127,16.8475,scalene,acute,1.4142,15.0,1.4142,30.0
triangles_original/013_T0.jpg,013,tilted,none,scalene,acute,0.9481,5.0685,1.0622,5.8177,scalene,acute,0.8626,16.0019,1.1593,16.0019,scalene,acute,1.248,8.527,1.312,15.216,scalene,acute,1.4142,15.0,1.4142,30.0
triangles_original/013_T1.jpg,013,tilted,kettle,scalene,acute,1.4112,37.8539,1.4112,37.8539,scalene,obtuse,0.818,36.6778,1.8062,57.9232,scalene,acute,1.384,15.72,1.472,22.53,scalene,acute,1.2345,15.6789,1.4567,23.4567
triangles_original/014_P0.jpg,014,planar,none,scalene,acute,1.3255,21.0172,1.4244,31.5927,scalene,acute,1.6913,31.9772,1.8726,52.0477,scalene,acute,1.18,6.5,1.22,11.0,scalene,acute,1.4142,15.0,1.4142,30.0
triangles_original/014_P1.jpg,014,planar,kettle,scalene,acute,1.3112,15.8098,1.6382,51.6042,scalene,acute,1.4977,27.4915,1.6234,42.9821,scalene,acute,1.37,10.0,1.62,19.0,scalene,acute,1.4142,15.0,1.4142,30.0
triangles_original/014_T0.jpg,014,tilted,none,scalene,acute,1.0832,7.8677,1.0832,7.8677,scalene,obtuse,1.3088,41.7996,1.6021,52.9759,scalene,acute,1.3442,13.582,1.429,15.747,scalene,acute,1.4142,15.0,1.4142,30.0
triangles_original/014_T1.jpg,014,tilted,kettle,scalene,acute,0.9117,8.8155,1.0969,8.8155,scalene,acute,1.0529,5.6656,1.1301,11.9598,scalene,acute,1.238,12.41,1.305,16.8,scalene,acute,1.2345,15.6789,1.4567,23.4567
triangles_original/015_P0.jpg,015,planar,none,scalene,acute,0.8696,20.6427,1.4726,37.4963,scalene,acute,0.7977,28.2686,1.321,31.8225,scalene,acute,1.2975,13.284,1.4246,16.726,scalene,acute,1.4142,26.5651,1.4142,26.5651
triangles_original/015_P1.jpg,015,planar,kettle,scalene,acute,0.8899,18.9257,1.5813,41.6461,scalene,acute,1.0255,2.5183,1.0255,2.5183,scalene,acute,1.489,18.732,1.612,25.466,scalene,acute,1.4142,15.0,1.4142,30.0
triangles_original/015_T0.jpg,015,tilted,none,scalene,acute,0.9315,15.1663,1.9946,52.88,scalene,acute,0.8685,29.2351,1.9826,59.2858,scalene,acute,1.383,10.742,1.476,14.926,scalene,acute,1.4142,15.0,1.4142,30.0
triangles_original/015_T1.jpg,015,tilted,kettle,scalene,obtuse,0.7096,61.6238,1.8343,73.1289,scalene,acute,0.9124,23.9972,2.2796,63.786,scalene,acute,1.378,15.942,1.486,22.033,scalene,acute,1.4142,15.0,1.4142,30.0
triangles_original/016_P0.jpg,016,planar,none,scalene,acute,1.5141,30.4727,1.5639,35.883,scalene,acute,1.3578,39.7318,1.4,41.6465,scalene,acute,1.3746,10.7324,1.5832,14.9651,scalene,acute,1.4142,26.5651,1.4142,26.5651
triangles_original/016_P1.jpg,016,planar,apple,scalene,acute,1.1694,16.5349,1.1694,16.5349,scalene,acute,1.3136,17.625,1.5411,42.3265,scalene,acute,1.28,10.2,1.36,14.8,scalene,acute,1.4142,26.5651,1.4142,26.5651
triangles_original/016_T0.jpg,016,tilted,none,scalene,acute,1.6455,40.8847,1.6455,40.8847,scalene,obtuse,0.6408,63.5498,1.5604,63.5498,scalene,acute,1.272,10.93,1.361,13.21,scalene,acute,1.4142,26.5651,1.4142,26.5651
triangles_original/016_T1.jpg,016,tilted,apple,scalene,acute,2.86,64.3244,2.86,64.3244,scalene,acute,1.75,53.8901,1.75,53.8901,scalene,acute,1.2674,10.8432,1.3128,15.4921,scalene,acute,1.4142,15.0,1.4142,30.0
triangles_original/017_P0.jpg,017,planar,none,scalene,acute,1.6851,37.4396,1.7049,39.6257,scalene,acute,1.6272,34.1718,1.6847,49.5505,scalene,obtuse,1.2915,19.8472,1.4782,34.6159,scalene,acute,1.4142,26.5651,1.4142,26.5651
triangles_original/017_P1.jpg,017,planar,apple,scalene,acute,1.6758,32.8555,1.8139,48.092,scalene,acute,1.3786,25.3713,1.412,28.8785,scalene,acute,1.435,17.62,1.543,22.87,scalene,acute,1.4142,15.0,1.4142,30.0
triangles_original/017_T0.jpg,017,tilted,none,scalene,obtuse,2.4603,89.5025,2.4603,89.5025,scalene,obtuse,1.9273,93.8854,1.9273,93.8854,scalene,acute,1.2315,10.8427,1.3172,14.2065,scalene,acute,1.4142,26.5651,1.4142,26.5651
triangles_original/017_T1.jpg,017,tilted,apple,scalene,obtuse,3.3001,102.1342,3.3001,102.1342,scalene,obtuse,2.3813,75.4732,2.3813,75.4732,scalene,acute,1.2615,10.8427,1.3279,13.4972,scalene,acute,1.4142,26.5651,1.4142,26.5651
triangles_original/018_P0.jpg,018,planar,none,scalene,acute,0.9649,3.4056,1.0493,4.702,scalene,acute,1.3162,16.1811,1.6258,50.2162,scalene,acute,1.746,9.9033,1.8202,20.6998,scalene,acute,1.4142,26.5651,1.4142,26.5651
triangles_original/018_P1.jpg,018,planar,apple,scalene,acute,0.9651,3.2861,1.0707,6.7695,scalene,acute,0.8929,6.5659,1.4939,47.4297,scalene,obtuse,1.37,9.8,1.49,22.7,scalene,acute,1.4142,26.5651,1.4142,26.5651
triangles_original/018_T0.jpg,018,tilted,none,scalene,acute,1.0408,5.1906,1.2654,21.3616,scalene,obtuse,0.6541,52.681,1.5286,52.681,scalene,acute,1.28,11.2,1.37,15.8,scalene,acute,1.4142,15.0,1.4142,30.0
triangles_original/018_T1.jpg,018,tilted,apple,scalene,acute,0.8671,9.2326,1.4288,38.8409,scalene,acute,1.2229,13.3832,1.4487,37.6852,scalene,acute,1.62,11.8,1.72,17.5,scalene,acute,1.4142,15.0,1.4142,30.0
triangles_original/019_P0.jpg,019,planar,none,scalene,acute,1.5389,40.0901,1.5389,40.0901,scalene,acute,1.3074,33.1882,1.3305,34.3131,scalene,acute,1.443,20.9618,1.6113,28.0457,scalene,acute,1.4142,15.0,1.4142,30.0
triangles_original/019_P1.jpg,019,planar,box,scalene,obtuse,1.8529,59.9059,1.8529,59.9059,scalene,obtuse,1.7298,120.2331,2.0799,123.6343,scalene,acute,1.3942,14.6735,1.5108,17.9821,scalene,acute,1.4142,15.0,1.4142,30.0
triangles_original/019_T0.jpg,019,tilted,none,scalene,acute,0.9342,7.7633,1.1513,14.0501,scalene,acute,1.072,7.8569,1.1366,12.9289,scalene,acute,1.2076,12.8435,1.3204,15.9247,scalene,acute,1.4142,26.5651,1.4142,26.5651
triangles_original/019_T1.jpg,019,tilted,box,scalene,acute,1.2815,37.3508,1.5516,48.5191,scalene,acute,1.8704,46.2068,1.8704,46.2068,scalene,acute,1.352,11.478,1.412,15.932,scalene,acute,1.4142,15.0,1.4142,30.0
triangles_original/020_P0.jpg,020,planar,none,scalene,acute,0.6048,43.7245,1.6534,43.7245,scalene,acute,0.7054,23.6626,1.5713,41.3155,scalene,acute,1.216,10.712,1.302,15.863,scalene,acute,1.4142,15.0,1.4142,30.0
triangles_original/020_P1.jpg,020,planar,box,scalene,acute,0.7396,17.7941,1.645,50.0202,scalene,acute,0.5443,43.2607,1.8371,43.2607,scalene,acute,1.2725,10.8362,1.3814,16.2945,scalene,acute,1.4142,15.0,1.4142,30.0
triangles_original/020_T0.jpg,020,tilted,none,scalene,acute,0.6923,23.2905,1.651,45.881,scalene,obtuse,0.6219,23.4738,1.991,66.713,scalene,acute,1.1843,9.3471,1.2478,15.7924,scalene,acute,1.4142,15.0,1.4142,30.0
triangles_original/020_T1.jpg,020,tilted,box,scalene,obtuse,0.7195,14.9444,1.8779,71.0002,scalene,acute,0.7876,43.8816,1.2696,43.8816,scalene,acute,1.28,7.5,1.33,11.0,scalene,acute,1.2345,10.0,1.5678,20.0
triangles_original/021_P0.jpg,021,planar,none,scalene,acute,1.9027,34.8689,2.1414,61.6684,scalene,acute,1.4333,20.4255,1.739,54.321,scalene,acute,1.72,18.6,1.82,21.7,scalene,acute,1.4142,26.5651,1.4142,26.5651
triangles_original/021_P1.jpg,021,planar,box,scalene,acute,1.6046,26.4253,1.8811,57.2536,scalene,obtuse,2.3267,35.4541,2.7259,81.65,scalene,acute,1.625,7.2,1.72,15.4,scalene,acute,1.4142,26.5651,1.4142,26.5651
triangles_original/021_T0.jpg,021,tilted,none,scalene,acute,1.7945,43.2772,1.7945,43.2772,scalene,acute,1.3043,15.1747,1.6409,52.3063,scalene,acute,1.238,11.562,1.271,13.847,scalene,acute,1.4142,26.5651,1.4142,26.5651
triangles_original/021_T1.jpg,021,tilted,box,scalene,obtuse,2.0133,60.221,2.0133,60.221,scalene,acute,1.0919,11.9779,1.3443,27.8506,scalene,acute,1.185,5.2,1.23,10.0,scalene,acute,1.4142,15.0,1.4142,30.0
triangles_original/022_P0.jpg,022,planar,none,scalene,acute,1.5944,26.7914,1.8495,55.1162,scalene,acute,1.0056,0.6084,1.0824,7.5593,scalene,acute,1.2984,12.7468,1.3721,17.9825,scalene,acute,1.4142,26.5651,1.4142,26.5651
triangles_original/022_P1.jpg,022,planar,stool,scalene,acute,1.2151,14.956,1.3272,26.8065,scalene,acute,1.1778,12.8528,1.2903,24.7052,scalene,acute,1.265,13.42,1.328,15.87,scalene,acute,1.4142,15.0,1.4142,30.0
triangles_original/022_T0.jpg,022,tilted,none,scalene,acute,1.6136,38.2732,1.6136,38.2732,scalene,acute,1.2688,34.1492,1.2688,34.1492,scalene,acute,1.178,9.441,1.243,12.307,scalene,acute,1.4142,26.5651,1.4142,26.5651
triangles_original/022_T1.jpg,022,tilted,stool,isosceles,acute,1.0067,0.6601,1.0067,0.6601,scalene,acute,0.9578,8.0979,1.7936,44.9268,scalene,acute,1.184,10.47,1.216,12.93,scalene,acute,1.4142,15.0,1.4142,30.0
triangles_original/023_P0.jpg,023,planar,none,scalene,acute,0.6881,31.1915,1.4533,31.1915,scalene,acute,0.8565,14.606,1.1676,14.606,scalene,acute,1.4382,14.732,1.5124,18.9457,scalene,acute,1.4142,26.5651,1.4142,26.5651
triangles_original/023_P1.jpg,023,planar,stool,scalene,acute,0.5893,39.3,1.6971,39.3,scalene,acute,1.0408,2.8871,1.2732,27.1683,scalene,acute,1.456,15.32,1.612,27.48,scalene,acute,1.2345,15.6789,1.5678,23.4567
triangles_original/023_T0.jpg,023,tilted,none,scalene,obtuse,1.0436,1.9515,1.5966,65.0603,scalene,acute,1.0882,14.0506,1.6061,40.5637,scalene,obtuse,1.265,17.84,1.376,26.7,scalene,acute,1.4142,15.0,1.4142,30.0
triangles_original/023_T1.jpg,023,tilted,stool,scalene,obtuse,0.8717,4.561,1.8596,92.0534,scalene,acute,1.533,20.8582,1.6237,45.3459,scalene,acute,1.183,9.427,1.285,14.92,scalene,acute,1.4142,15.0,1.4142,30.0
triangles_original/024_P0.jpg,024,planar,none,scalene,acute,0.8292,16.3695,1.2143,17.2363,scalene,acute,1.0013,0.1206,1.002,0.171,scalene,acute,1.158,4.562,1.25,10.34,scalene,acute,1.4142,26.5651,1.4142,26.5651
triangles_original/024_P1.jpg,024,planar,stool,scalene,acute,0.9768,1.7788,1.2193,22.0296,scalene,acute,1.2182,17.3532,1.2182,17.3532,scalene,acute,1.21,7.8,1.28,14.5,scalene,acute,1.4142,15.0,1.4142,30.0
triangles_original/024_T0.jpg,024,tilted,none,scalene,acute,1.3905,33.8903,1.3905,33.8903,scalene,obtuse,1.882,70.3736,1.882,70.3736,scalene,acute,1.218,10.642,1.276,12.883,scalene,acute,1.4142,15.0,1.4142,30.0
triangles_original/024_T1.jpg,024,tilted,stool,scalene,acute,1.2827,38.314,1.5808,50.2964,scalene,acute,1.2969,38.3522,1.5309,47.8682,scalene,acute,1.286,7.943,1.391,13.572,scalene,acute,1.2345,15.6789,1.4567,23.4567
triangles_original/025_P0.jpg,025,planar,none,scalene,obtuse,0.7167,54.3689,1.6958,63.9172,scalene,acute,1.109,19.4598,1.7457,47.9314,scalene,acute,1.2435,11.2764,1.3021,18.4472,scalene,acute,1.4142,26.5651,1.4142,26.5651
triangles_original/025_P1.jpg,025,planar,laptop,scalene,acute,0.8499,26.1521,1.5966,45.3631,scalene,acute,1.0387,5.5125,1.3829,27.95,scalene,acute,1.2321,10.8472,1.3017,14.591,scalene,acute,1.4142,26.5651,1.4142,26.5651
triangles_original/025_T0.jpg,025,tilted,none,scalene,acute,1.1698,20.4756,1.3335,29.9082,scalene,obtuse,0.4945,29.9618,2.4537,79.9283,scalene,acute,1.271,10.842,1.32,15.23,scalene,acute,1.4142,15.0,1.4142,30.0
triangles_original/025_T1.jpg,025,tilted,laptop,scalene,acute,1.0268,3.1342,1.1654,14.2569,scalene,acute,1.5454,40.1562,1.5454,40.1562,scalene,acute,1.231,12.48,1.276,15.73,scalene,acute,1.4142,15.0,1.4142,30.0
triangles_original/026_P0.jpg,026,planar,none,scalene,acute,1.0112,0.8635,1.1856,18.7939,scalene,acute,1.0209,1.6084,1.2056,20.6592,scalene,acute,1.2847,8.7365,1.3072,16.5432,scalene,acute,1.4142,26.5651,1.4142,26.5651
triangles_original/026_P1.jpg,026,planar,laptop,scalene,acute,1.2922,19.6541,1.3793,28.9092,scalene,acute,1.7674,36.9973,1.8641,47.59,scalene,acute,0.8321,14.2765,1.2017,16.9832,scalene,acute,1.4142,15.0,1.4142,30.0
triangles_original/026_T0.jpg,026,tilted,none,scalene,acute,1.794,39.5328,1.8418,44.793,scalene,acute,0.8114,20.0915,1.2323,20.0915,scalene,acute,1.2735,10.842,1.3102,13.2764,scalene,acute,1.4142,15.0,1.4142,30.0
triangles_original/026_T1.jpg,026,tilted,laptop,scalene,acute,1.4892,35.5932,1.4892,35.5932,scalene,acute,1.1138,7.7398,1.3125,28.6976,scalene,obtuse,1.231,12.6475,1.3082,25.295,scalene,acute,1.4142,15.0,1.4142,30.0
triangles_original/027_P0.jpg,027,planar,none,scalene,acute,0.9906,1.2914,1.2703,20.7419,scalene,acute,0.9485,5.5744,1.0746,7.254,scalene,acute,0.845,10.27,1.247,20.04,scalene,acute,1.4142,15.0,1.4142,30.0
triangles_original/027_P1.jpg,027,planar,laptop,scalene,acute,0.9347,7.7658,1.158,14.5519,scalene,obtuse,0.7421,45.7026,1.5961,54.7913,scalene,acute,1.2825,11.7432,1.3968,15.8204,scalene,acute,1.4142,15.0,1.7321,30.0
triangles_original/027_T0.jpg,027,tilted,none,scalene,acute,0.9219,9.2012,1.1507,14.2771,scalene,acute,0.8042,20.8258,1.2435,20.8258,scalene,acute,1.206,11.42,1.278,13.7,scalene,acute,1.4142,15.0,1.4142,30.0
triangles_original/027_T1.jpg,027,tilted,laptop,scalene,acute,0.9806,1.9577,1.0198,1.9577,scalene,acute,1.3548,28.135,1.3548,28.135,scalene,acute,1.181,6.7312,1.2765,10.9823,scalene,acute,1.2345,15.6789,1.4567,23.4567
triangles_original/028_P0.jpg,028,planar,none,scalene,acute,1.034,4.7511,1.36,26.5977,scalene,acute,1.421,33.1778,1.421,33.1778,scalene,obtuse,1.3125,10.842,1.4812,27.9364,scalene,acute,1.4142,15.0,1.4142,30.0
triangles_original/028_P1.jpg,028,planar,pillow,scalene,acute,1.0952,16.2306,1.7042,45.09,scalene,acute,0.9962,0.3473,1.0173,1.6662,scalene,acute,1.279,9.832,1.391,16.74,scalene,acute,1.4142,26.5651,1.4142,26.5651
triangles_original/028_T0.jpg,028,tilted,none,scalene,acute,1.0507,12.1403,2.2515,56.8028,scalene,acute,0.8777,28.0454,2.0499,60.2098,scalene,acute,1.1423,7.5632,1.1889,13.9247,scalene,acute,1.4142,15.0,1.4142,30.0
triangles_original/028_T1.jpg,028,tilted,pillow,scalene,acute,0.8912,17.4668,1.4894,37.1176,scalene,obtuse,0.7662,64.7057,2.3353,86.872,scalene,acute,1.246,7.82,1.302,15.6,scalene,acute,1.4142,15.0,1.4142,30.0
triangles_original/029_P0.jpg,029,planar,none,scalene,acute,0.9153,7.3713,1.1954,17.987,scalene,acute,1.0381,2.1808,1.424,44.0214,scalene,obtuse,1.27,15.7,1.47,23.2,scalene,acute,1.4142,26.5651,1.4142,26.5651
triangles_original/029_P1.jpg,029,planar,pillow,scalene,acute,1.1196,10.322,1.1286,11.2099,scalene,acute,0.9899,1.0032,1.0184,1.7375,scalene,acute,1.359,13.87,1.491,15.62,scalene,acute,1.4142,15.0,1.4142,30.0
triangles_original/029_T0.jpg,029,tilted,none,scalene,acute,0.7725,24.8768,1.2945,24.8768,scalene,acute,0.7367,31.8206,1.3574,31.8206,scalene,acute,1.2765,13.8421,1.3614,16.9257,scalene,acute,1.4142,15.0,1.4142,30.0
triangles_original/029_T1.jpg,029,tilted,pillow,scalene,acute,0.846,19.0636,1.2012,20.3294,scalene,right,0.6901,46.361,1.4491,46.361,scalene,acute,1.192,14.38,1.326,21.56,scalene,acute,1.2345,15.6789,1.5678,23.4567
triangles_original/030_P0.jpg,030,planar,none,scalene,acute,0.995,0.2478,1.4051,43.6055,scalene,obtuse,1.4443,18.1388,1.8612,65.4144,scalene,obtuse,1.4142,10.35,1.52,21.0,scalene,acute,1.4142,26.5651,1.4142,26.5651
triangles_original/030_P1.jpg,030,planar,pillow,scalene,obtuse,0.9506,2.8753,1.4656,48.125,scalene,acute,0.558,40.3608,1.8052,41.7368,scalene,acute,1.2175,9.4632,1.2658,14.7824,scalene,acute,1.4142,15.0,1.4142,30.0
triangles_original/030_T0.jpg,030,tilted,none,scalene,acute,0.732,17.6333,1.6897,53.4353,scalene,obtuse,0.7326,43.7983,1.4946,48.9197,scalene,acute,1.142,7.85,1.197,14.6,scalene,acute,1.4142,15.0,1.4142,30.0
triangles_original/030_T1.jpg,030,tilted,pillow,scalene,acute,0.5547,45.882,1.8029,45.882,scalene,obtuse,2.4198,89.5267,2.4198,89.5267,scalene,acute,1.246,9.87,1.342,15.7,scalene,acute,1.2345,15.6789,1.5678,23.4567
triangles_original/031_P0.jpg,031,planar,none,scalene,obtuse,0.2335,45.6135,4.7472,100.7543,scalene,obtuse,0.3275,34.2959,3.625,103.3579,scalene,acute,0.796,13.27,1.42,15.8,scalene,acute,1.4142,26.5651,1.4142,26.5651
triangles_original/031_P1.jpg,031,planar,rubiks cube,scalene,obtuse,0.2024,45.5863,5.4455,105.969,scalene,obtuse,0.4461,34.6713,2.6321,79.7733,scalene,acute,1.42,13.6,1.5,16.7,scalene,acute,1.4142,26.5651,1.4142,26.5651
triangles_original/031_T0.jpg,031,tilted,none,scalene,obtuse,0.349,95.4758,2.8653,95.4758,scalene,acute,1.0801,15.1326,1.4105,35.0494,scalene,acute,1.3615,13.8427,1.5279,16.3049,scalene,acute,1.2345,15.6789,1.5678,23.4567
triangles_original/031_T1.jpg,031,tilted,rubiks cube,scalene,obtuse,0.34,39.661,3.3808,91.1829,scalene,obtuse,0.7924,46.5408,1.5688,53.371,scalene,acute,1.3264,11.2743,1.3951,14.8027,scalene,acute,1.4142,15.0,1.4142,30.0
triangles_original/032_P0.jpg,032,planar,none,scalene,obtuse,0.6329,15.4976,2.2295,94.82,scalene,obtuse,0.6402,19.6091,2.0482,75.8779,scalene,acute,0.751,12.84,1.388,16.74,scalene,acute,1.4142,26.5651,1.4142,26.5651
triangles_original/032_P1.jpg,032,planar,rubiks cube,scalene,obtuse,0.4926,25.7186,2.5798,91.1825,scalene,obtuse,0.3728,41.5448,3.0306,81.838,scalene,obtuse,0.781,19.87,1.546,38.8,scalene,acute,1.4142,26.5651,1.4142,26.5651
triangles_original/032_T0.jpg,032,tilted,none,scalene,obtuse,0.1458,6.4948,7.8498,169.505,scalene,obtuse,0.5931,81.672,1.686,81.672,scalene,acute,1.145,7.32,1.201,13.85,scalene,acute,1.2345,15.6789,1.4567,23.4567
triangles_original/032_T1.jpg,032,tilted,rubiks cube,scalene,obtuse,0.6894,2.1196,2.4352,162.2399,scalene,obtuse,1.7487,19.6199,2.3556,92.6314,scalene,acute,1.238,14.72,1.302,17.6,scalene,acute,1.2345,15.6789,1.4567,23.4567
triangles_original/033_P0.jpg,033,planar,none,scalene,obtuse,0.5185,19.1896,2.6194,105.2279,scalene,obtuse,0.5293,13.6678,2.7089,122.6657,scalene,acute,1.3231,11.8572,1.3796,13.5124,scalene,acute,1.4142,15.0,1.4142,30.0
triangles_original/033_P1.jpg,033,planar,rubiks cube,scalene,obtuse,0.6299,12.3906,2.3488,109.6457,scalene,obtuse,0.6727,5.0099,2.4275,144.1654,scalene,acute,1.32,8.7,1.41,15.6,scalene,acute,1.4142,15.0,1.4142,30.0
triangles_original/033_T0.jpg,033,tilted,none,scalene,obtuse,0.9483,2.3921,1.6057,65.3362,scalene,obtuse,0.5502,7.8173,2.7437,142.7354,scalene,acute,1.42,12.3,1.53,18.6,scalene,acute,1.4142,15.0,1.4142,30.0
triangles_original/033_T1.jpg,033,tilted,rubiks cube,scalene,obtuse,1.1549,2.7746,2.0393,124.575,scalene,obtuse,1.0733,81.8186,1.7357,81.8186,scalene,acute,1.2634,10.5821,1.3795,15.9342,scalene,acute,1.4142,15.0,1.4142,30.0
triangles_original/034_P0.jpg,034,planar,none,scalene,obtuse,2.7556,35.1267,3.2619,95.2577,scalene,obtuse,3.561,41.9427,4.0245,96.9168,scalene,acute,1.535,15.237,1.702,26.414,scalene,acute,1.4142,26.5651,1.4142,26.5651
triangles_original/034_P1.jpg,034,planar,glass,scalene,obtuse,3.5054,44.8555,3.914,92.6932,scalene,obtuse,1.3137,7.9765,2.0657,102.8801,scalene,acute,1.741,13.526,1.801,16.789,scalene,acute,1.4142,26.5651,1.4142,26.5651
triangles_original/034_T0.jpg,034,tilted,none,scalene,obtuse,1.799,29.083,2.1433,67.9683,scalene,acute,1.4199,21.3428,1.6693,48.701,scalene,acute,1.2746,10.8321,1.3015,13.9476,scalene,acute,1.4142,15.0,1.4142,30.0
triangles_original/034_T1.jpg,034,tilted,glass,scalene,obtuse,1.4609,20.4867,1.8001,58.2647,scalene,acute,1.655,31.7551,1.8082,48.6512,scalene,acute,1.2385,14.6721,1.2874,18.3457,scalene,acute,1.4142,15.0,1.4142,30.0
triangles_original/035_P0.jpg,035,planar,none,scalene,obtuse,9.558,32.7262,10.3512,137.6285,scalene,obtuse,9.7097,20.5855,10.6262,153.3368,scalene,acute,1.3225,9.8432,1.365,18.7031,scalene,acute,1.4142,26.5651,1.4142,26.5651
triangles_original/035_P1.jpg,035,planar,glass,scalene,obtuse,14.2041,26.5996,15.0731,147.2618,scalene,obtuse,10.3333,8.1663,11.304,166.3352,scalene,acute,1.338,8.427,1.387,16.851,scalene,acute,1.4142,26.5651,1.4142,26.5651
triangles_original/035_T0.jpg,035,tilted,none,scalene,obtuse,18.0661,67.8051,18.3641,102.6164,scalene,obtuse,5.3868,60.4147,5.6292,88.3068,scalene,acute,1.1647,9.8574,1.2039,17.5126,scalene,acute,1.4142,15.0,1.4142,30.0
triangles_original/035_T1.jpg,035,tilted,glass,scalene,obtuse,8.5288,118.6057,8.5288,118.6057,scalene,obtuse,5.9576,90.9877,5.9576,90.9877,scalene,acute,1.374,11.527,1.483,14.932,scalene,acute,1.4142,26.5651,1.4142,26.5651
triangles_original/036_P0.jpg,036,planar,none,scalene,obtuse,2.1193,18.713,2.8738,115.4787,scalene,obtuse,1.6906,15.904,2.3833,101.8256,scalene,acute,1.147,8.622,1.231,16.85,scalene,acute,1.4142,26.5651,1.4142,26.5651
triangles_original/036_P1.jpg,036,planar,glass,scalene,obtuse,1.4223,16.5477,1.8794,68.7305,scalene,obtuse,1.9625,18.7046,2.6773,108.6124,scalene,acute,1.316,7.842,1.36,15.21,scalene,acute,1.4142,15.0,1.4142,30.0
triangles_original/036_T0.jpg,036,tilted,none,scalene,obtuse,1.9886,26.7766,2.493,86.0967,scalene,obtuse,2.1635,36.5097,2.4808,72.724,scalene,acute,1.236,10.742,1.301,15.214,scalene,acute,1.4142,15.0,1.4142,30.0
triangles_original/036_T1.jpg,036,tilted,glass,scalene,obtuse,1.1962,8.748,1.6775,63.1413,scalene,obtuse,1.1426,6.8076,1.5986,57.822,scalene,acute,1.23,14.0,1.28,16.0,scalene,acute,1.2345,15.6789,1.5678,23.4567
triangles_original/037_P0.jpg,037,planar,none,scalene,obtuse,1.276,12.401,1.7042,60.5268,scalene,obtuse,1.528,17.824,2.0452,78.0504,scalene,acute,1.322,11.47,1.365,16.25,scalene,acute,1.4142,15.0,1.4142,30.0
triangles_original/037_P1.jpg,037,planar,iron,scalene,obtuse,1.265,10.6791,1.7768,69.4291,scalene,obtuse,1.1042,4.6424,1.6359,65.2384,scalene,acute,1.454,14.92,1.611,18.66,scalene,acute,1.4142,26.5651,1.4142,26.5651
triangles_original/037_T0.jpg,037,tilted,none,scalene,obtuse,0.7962,11.7792,1.6774,59.0141,scalene,obtuse,1.36,44.3962,1.5245,50.7052,scalene,acute,1.215,11.43,1.278,14.98,scalene,acute,1.4142,15.0,1.4142,30.0
triangles_original/037_T1.jpg,037,tilted,iron,scalene,acute,0.947,6.8523,1.2387,20.0832,scalene,acute,1.1284,10.802,1.1527,13.2653,scalene,acute,1.2794,10.8421,1.3912,16.3257,scalene,acute,1.2345,15.6789,1.4567,23.4567
triangles_original/038_P0.jpg,038,planar,none,scalene,obtuse,0.474,11.0127,3.0156,139.9648,scalene,obtuse,0.4733,11.0439,3.0154,139.2523,scalene,acute,1.275,10.42,1.342,12.8,scalene,acute,1.4142,26.5651,1.4142,26.5651
triangles_original/038_P1.jpg,038,planar,iron,scalene,obtuse,0.5668,13.8397,2.5508,116.036,scalene,obtuse,0.5228,0.1865,2.9122,174.9955,scalene,acute,1.38,12.6,1.45,15.7,scalene,acute,1.4142,26.5651,1.4142,26.5651
triangles_original/038_T0.jpg,038,tilted,none,scalene,obtuse,0.522,20.3734,2.571,100.8298,scalene,obtuse,1.0547,0.6342,2.0304,153.2735,scalene,acute,1.2785,10.9612,1.3048,13.4725,scalene,acute,1.4142,15.0,1.4142,30.0
triangles_original/038_T1.jpg,038,tilted,iron,scalene,obtuse,0.2287,39.2108,4.9603,110.9437,scalene,obtuse,0.968,0.103,2.0325,170.5402,scalene,acute,1.2345,9.6123,1.2876,15.4321,scalene,acute,1.2345,15.6789,1.5678,23.4567
triangles_original/039_P0.jpg,039,planar,none,scalene,obtuse,1.5042,0.3561,2.504,177.9161,scalene,obtuse,0.9104,1.5954,2.037,139.0272,scalene,acute,0.7615,7.4321,1.3246,15.2874,scalene,acute,1.4142,26.5651,1.4142,26.5651
triangles_original/039_P1.jpg,039,planar,iron,scalene,obtuse,0.6567,3.9633,2.4906,153.9429,scalene,obtuse,0.5735,3.4101,2.7248,160.2807,scalene,acute,0.722,10.413,1.389,16.767,scalene,acute,1.4142,15.0,1.4142,30.0
triangles_original/039_T0.jpg,039,tilted,none,scalene,obtuse,0.7134,4.842,2.331,139.9073,scalene,obtuse,0.8123,2.1261,2.1942,149.5779,scalene,acute,1.197,13.42,1.265,17.86,scalene,acute,1.4142,15.0,1.4142,30.0
triangles_original/039_T1.jpg,039,tilted,iron,scalene,obtuse,0.7158,7.0965,2.2555,123.3128,scalene,obtuse,0.8252,1.2396,2.1891,155.8456,scalene,acute,1.3725,12.4837,1.4452,17.9264,scalene,acute,1.4142,15.0,1.4142,30.0
triangles_original/040_P0.jpg,040,planar,none,scalene,obtuse,0.6708,17.5492,1.9847,74.6483,scalene,obtuse,0.7073,14.0717,1.9779,80.3389,scalene,acute,1.152,7.243,1.24,15.32,scalene,acute,1.4142,26.5651,1.4142,26.5651
triangles_original/040_P1.jpg,040,planar,book,scalene,obtuse,0.9257,3.4768,1.6365,67.2626,scalene,obtuse,1.3326,13.9412,1.7855,65.3094,scalene,acute,1.259,14.372,1.307,22.418,scalene,acute,1.4142,15.0,1.4142,30.0
triangles_original/040_T0.jpg,040,tilted,none,scalene,obtuse,0.9675,0.8757,1.8204,101.04,scalene,obtuse,1.4147,7.6608,2.2718,123.5098,scalene,acute,1.233,14.87,1.301,20.63,scalene,acute,1.4142,15.0,1.4142,30.0
triangles_original/040_T1.jpg,040,tilted,book,scalene,obtuse,0.6398,8.5347,2.4322,127.637,scalene,obtuse,1.5659,10.9716,2.366,115.2063,scalene,acute,1.265,8.43,1.323,14.72,scalene,acute,1.4142,15.0,1.4142,30.0
triangles_original/041_P0.jpg,041,planar,none,scalene,obtuse,11.2394,122.8071,11.2394,122.8071,scalene,obtuse,6.9366,121.88,6.9366,121.88,scalene,acute,1.782,11.643,1.8732,15.204,scalene,acute,1.4142,26.5651,1.4142,26.5651
triangles_original/041_P1.jpg,041,planar,book,scalene,obtuse,8.6207,128.0285,8.6207,128.0285,scalene,obtuse,4.9944,118.6384,4.9944,118.6384,scalene,acute,1.238,11.52,1.319,13.87,scalene,acute,1.4142,15.0,1.4142,30.0
triangles_original/041_T0.jpg,041,tilted,none,scalene,obtuse,6.588,148.4413,6.588,148.4413,scalene,obtuse,22.2715,130.152,22.2715,130.152,scalene,acute,1.2834,13.7621,1.3278,15.9486,scalene,acute,1.4142,15.0,1.4142,30.0
triangles_original/041_T1.jpg,041,tilted,book,scalene,obtuse,19.8214,133.6014,19.8214,133.6014,scalene,obtuse,3.3719,114.1371,3.3719,114.1371,scalene,acute,1.207,9.82,1.324,17.6,scalene,acute,1.2345,15.6789,1.4567,23.4567
triangles_original/042_P0.jpg,042,planar,none,scalene,obtuse,30.2746,136.1961,30.2746,136.1961,scalene,obtuse,27.8636,130.2289,27.8636,130.2289,scalene,acute,1.156,7.84,1.183,14.23,scalene,acute,1.4142,26.5651,1.4142,26.5651
triangles_original/042_P1.jpg,042,planar,book,scalene,obtuse,35.3684,137.106,35.3684,137.106,scalene,obtuse,1.2378,50.7723,2.288,77.6632,scalene,acute,1.198,7.65,1.213,12.43,scalene,acute,1.4142,15.0,1.4142,30.0
triangles_original/042_T0.jpg,042,tilted,none,scalene,obtuse,55.612,50.9423,56.2285,127.0217,isosceles,obtuse,33.408,86.6438,33.4291,88.8463,scalene,acute,1.233,11.54,1.285,13.8,scalene,acute,1.4142,15.0,1.4142,30.0
triangles_original/042_T1.jpg,042,tilted,book,isosceles,acute,18.5681,85.616,18.5681,85.616,scalene,right,1.0301,1.6869,1.4356,45.8434,scalene,obtuse,1.23,13.4,1.28,25.1,scalene,acute,1.4142,15.0,1.4142,30.0
triangles_original/043_P0.jpg,043,planar,none,scalene,obtuse,2.1315,76.8406,2.1315,76.8406,scalene,obtuse,2.4813,93.3285,2.4813,93.3285,scalene,right,1.332,0.0,1.332,90.0,scalene,acute,1.4142,26.5651,1.4142,26.5651
triangles_original/043_P1.jpg,043,planar,kettle,scalene,obtuse,1.9315,74.034,1.9315,74.034,scalene,obtuse,2.1532,106.0422,2.1532,106.0422,scalene,acute,1.363,10.82,1.41,15.92,scalene,acute,1.4142,15.0,1.4142,30.0
triangles_original/043_T0.jpg,043,tilted,none,scalene,obtuse,2.0991,75.586,2.0991,75.586,isosceles,right,1.4142,45.0,1.4142,45.0,scalene,obtuse,1.2321,10.8473,1.2845,14.9258,scalene,acute,1.4142,15.0,1.4142,30.0
triangles_original/043_T1.jpg,043,tilted,kettle,scalene,obtuse,1.4281,45.8684,1.4281,45.8684,scalene,acute,1.0726,18.6781,2.454,63.2211,scalene,acute,1.216,12.48,1.265,15.8,scalene,acute,1.4142,15.0,1.4142,30.0
triangles_original/044_P0.jpg,044,planar,none,scalene,obtuse,1.7544,132.6204,2.145,135.7265,scalene,obtuse,1.7199,96.5733,1.8327,98.531,scalene,acute,0.7275,13.9842,1.3741,17.5326,scalene,acute,1.4142,26.5651,1.4142,26.5651
triangles_original/044_P1.jpg,044,planar,kettle,scalene,obtuse,1.4958,92.6366,2.2202,104.0776,scalene,obtuse,2.5648,96.2069,2.5648,96.2069,scalene,acute,0.6972,13.847,1.4479,14.1043,scalene,acute,1.4142,15.0,1.4142,30.0
triangles_original/044_T0.jpg,044,tilted,none,scalene,obtuse,1.669,103.8513,2.0017,108.5884,scalene,obtuse,1.3845,77.5575,2.3106,91.0632,scalene,acute,1.226,11.482,1.328,15.934,scalene,acute,1.4142,15.0,1.4142,30.0
triangles_original/044_T1.jpg,044,tilted,kettle,scalene,obtuse,1.1973,77.4287,3.8186,109.5303,scalene,obtuse,3.8267,163.5734,3.8267,163.5734,scalene,acute,1.282,12.64,1.365,15.8,scalene,acute,1.4142,15.0,1.4142,30.0
triangles_original/045_P0.jpg,045,planar,none,scalene,obtuse,1.5854,68.6067,1.6085,69.2325,scalene,obtuse,1.471,51.8119,1.471,51.8119,scalene,acute,1.37,11.5,1.41,14.8,scalene,acute,1.4142,26.5651,1.4142,26.5651
triangles_original/045_P1.jpg,045,planar,kettle,scalene,obtuse,1.9087,84.0229,1.9087,84.0229,scalene,acute,1.624,48.5515,1.624,48.5515,scalene,acute,1.2735,11.462,1.3312,13.9873,scalene,acute,1.4142,26.5651,1.4142,26.5651
triangles_original/045_T0.jpg,045,tilted,none,scalene,acute,1.3974,42.0954,1.3974,42.0954,scalene,obtuse,1.6488,62.4191,1.6488,62.4191,scalene,acute,1.2175,9.426,1.2932,16.308,scalene,acute,1.4142,26.5651,1.4142,26.5651
triangles_original/045_T1.jpg,045,tilted,kettle,scalene,acute,1.1451,11.8363,1.1788,15.3221,scalene,acute,1.364,40.1309,1.3929,41.303,scalene,acute,1.206,12.37,1.32,15.6,scalene,acute,1.2345,15.6789,1.4567,23.4567
triangles_original/046_P0.jpg,046,planar,none,scalene,obtuse,0.7877,130.1447,4.2769,145.6192,scalene,obtuse,0.8133,93.1741,3.907,119.9974,scalene,acute,1.284,10.672,1.392,14.851,scalene,acute,1.4142,15.0,1.4142,30.0
triangles_original/046_P1.jpg,046,planar,apple,scalene,obtuse,0.7611,112.1813,3.4886,130.4979,scalene,obtuse,0.7791,90.9849,3.2529,114.4583,scalene,acute,0.6342,15.2874,1.5779,22.4931,scalene,acute,1.4142,26.5651,1.4142,26.5651
triangles_original/046_T0.jpg,046,tilted,none,scalene,obtuse,0.7816,120.8598,3.991,138.5437,scalene,obtuse,0.6204,103.8173,2.1086,110.8006,scalene,obtuse,1.42,14.3,1.52,27.8,scalene,acute,1.4142,15.0,1.4142,30.0
triangles_original/046_T1.jpg,046,tilted,apple,scalene,obtuse,0.792,129.7403,4.3593,145.5465,scalene,obtuse,1.1661,32.9433,2.0564,62.86,scalene,acute,1.3284,9.7321,1.4127,16.5432,scalene,acute,1.4142,15.0,1.4142,30.0
triangles_original/047_P0.jpg,047,planar,none,scalene,obtuse,0.4768,115.4313,2.0973,115.4313,scalene,obtuse,0.5817,122.4751,2.1182,126.4362,scalene,obtuse,1.28,13.6,1.42,22.7,scalene,acute,1.4142,26.5651,1.4142,26.5651
triangles_original/047_P1.jpg,047,planar,apple,scalene,obtuse,0.5953,97.5201,1.9034,101.1489,scalene,obtuse,0.5097,173.9428,2.0361,173.9428,scalene,acute,1.2774,11.5632,1.3467,13.4216,scalene,acute,1.4142,26.5651,1.4142,26.5651
triangles_original/047_T0.jpg,047,tilted,none,scalene,obtuse,0.5675,103.6424,1.8591,105.0535,scalene,acute,0.3516,62.5991,2.8443,62.5991,scalene,acute,1.257,14.326,1.312,18.421,scalene,acute,1.4142,15.0,1.4142,30.0
triangles_original/047_T1.jpg,047,tilted,apple,scalene,obtuse,0.4581,159.1941,2.183,159.1941,scalene,obtuse,0.5241,119.8221,1.908,119.8221,scalene,acute,1.52,13.8,1.65,21.4,scalene,acute,1.4142,26.5651,1.4142,26.5651
triangles_original/048_P0.jpg,048,planar,none,scalene,obtuse,0.854,2.7444,2.0834,132.2373,scalene,obtuse,1.2154,3.2588,2.113,129.0411,scalene,acute,1.2015,10.5273,1.2698,12.3941,scalene,acute,1.2345,15.6789,1.4567,23.4567
triangles_original/048_P1.jpg,048,planar,apple,scalene,obtuse,0.5182,12.5002,2.7857,129.0439,scalene,obtuse,0.5763,10.0854,2.6068,130.1054,scalene,acute,1.537,13.942,1.6732,21.082,scalene,acute,1.4142,15.0,1.7321,30.0
triangles_original/048_T0.jpg,048,tilted,none,scalene,obtuse,0.868,2.7965,2.0541,129.4478,scalene,obtuse,0.8309,3.0031,2.1166,132.956,scalene,acute,1.283,12.467,1.315,14.932,scalene,acute,1.2345,15.6789,1.5678,23.4567
triangles_original/048_T1.jpg,048,tilted,apple,scalene,acute,0.5475,54.5205,1.8265,54.5205,scalene,obtuse,0.5748,0.3118,2.7366,171.8582,scalene,acute,1.128,7.362,1.187,13.947,scalene,acute,1.2345,15.6789,1.4567,23.4567
triangles_original/049_P0.jpg,049,planar,none,scalene,obtuse,1.4946,127.8057,2.7269,137.2315,scalene,obtuse,1.9483,157.2959,2.0167,157.2959,scalene,acute,1.168,10.842,1.279,19.695,scalene,acute,1.4142,26.5651,1.4142,26.5651
triangles_original/049_P1.jpg,049,planar,box,scalene,obtuse,1.7931,169.0655,2.2515,169.7258,scalene,obtuse,1.9013,152.2107,2.0851,152.2172,scalene,acute,1.24,15.8,1.3,21.6,scalene,acute,1.4142,15.0,1.4142,30.0
triangles_original/049_T0.jpg,049,tilted,none,scalene,obtuse,1.5907,108.9322,2.2202,116.7037,scalene,obtuse,1.5938,73.5374,1.6798,75.4044,scalene,acute,1.368,14.52,1.482,17.93,scalene,acute,1.4142,26.5651,1.4142,26.5651
triangles_original/049_T1.jpg,049,tilted,box,scalene,obtuse,1.5027,95.0833,2.242,106.3148,scalene,acute,1.117,24.8259,2.1193,60.2411,scalene,acute,1.2065,12.3479,1.2938,16.7284,scalene,acute,1.4142,15.0,1.7321,30.0
triangles_original/050_P0.jpg,050,planar,none,scalene,obtuse,2.1461,115.0739,2.1461,115.0739,scalene,acute,1.3139,24.5444,1.3139,24.5444,scalene,acute,1.416,9.82,1.475,15.6,scalene,acute,1.4142,15.0,1.4142,30.0
triangles_original/050_P1.jpg,050,planar,box,scalene,obtuse,2.3313,124.4748,2.3313,124.4748,scalene,obtuse,2.0454,76.0742,2.0454,76.0742,scalene,acute,1.326,11.57,1.358,16.3,scalene,acute,1.4142,15.0,1.4142,30.0
triangles_original/050_T0.jpg,050,tilted,none,scalene,obtuse,2.9094,131.6236,2.9094,131.6236,scalene,obtuse,2.2484,133.7093,2.2484,133.7093,scalene,acute,1.357,11.824,1.471,16.972,scalene,acute,1.4142,15.0,1.4142,30.0
triangles_original/050_T1.jpg,050,tilted,box,scalene,obtuse,2.6421,168.9766,2.6421,168.9766,scalene,obtuse,1.413,45.4683,1.4286,46.146,scalene,acute,1.2345,7.856,1.3172,15.27,scalene,acute,1.2345,15.6789,1.5678,23.4567
triangles_original/051_P0.jpg,051,planar,none,scalene,obtuse,2.5884,148.8678,2.5884,148.8678,scalene,obtuse,2.3973,145.467,2.3973,145.467,scalene,acute,1.21,12.5,1.29,15.0,scalene,acute,1.4142,15.0,1.7321,30.0
triangles_original/051_P1.jpg,051,planar,box,scalene,obtuse,2.3202,168.6107,2.3202,168.6107,scalene,obtuse,2.4784,140.3157,2.4784,140.3157,scalene,acute,1.3085,6.7321,1.4216,13.4512,scalene,acute,1.4142,26.5651,1.4142,26.5651
triangles_original/051_T0.jpg,051,tilted,none,scalene,obtuse,1.711,101.3115,1.9038,104.2298,scalene,obtuse,1.9898,176.579,2.0094,176.579,scalene,acute,1.3333,12.45,1.4,18.0,scalene,acute,1.4142,15.0,1.4142,30.0
triangles_original/051_T1.jpg,051,tilted,box,scalene,obtuse,1.893,175.976,2.1185,176.0795,scalene,obtuse,1.8738,155.0961,2.098,155.7977,scalene,acute,1.274,14.21,1.361,22.87,scalene,acute,1.2345,15.6789,1.5678,23.4567
triangles_original/052_P0.jpg,052,planar,none,scalene,obtuse,1.355,67.517,2.1739,85.6192,scalene,obtuse,1.4731,121.9302,2.7381,132.8706,scalene,acute,1.283,11.742,1.361,15.842,scalene,acute,1.4142,26.5651,1.4142,26.5651
triangles_original/052_P1.jpg,052,planar,stool,scalene,obtuse,1.5503,89.2601,2.0258,97.6282,scalene,obtuse,2.119,98.171,2.119,98.171,scalene,acute,1.1649,9.5672,1.1974,15.3821,scalene,acute,1.4142,15.0,1.4142,30.0
triangles_original/052_T0.jpg,052,tilted,none,scalene,obtuse,1.4375,71.0423,1.9687,83.18,scalene,acute,1.3382,19.425,1.5293,40.1318,scalene,acute,1.2438,12.5632,1.2861,18.4475,scalene,acute,1.4142,15.0,1.4142,30.0
triangles_original/052_T1.jpg,052,tilted,stool,scalene,obtuse,1.5012,76.6126,1.9157,85.6214,scalene,obtuse,2.0412,174.192,2.0412,174.2143,scalene,acute,1.238,14.562,1.279,17.43,scalene,acute,1.4142,15.0,1.4142,30.0
triangles_original/053_P0.jpg,053,planar,none,scalene,obtuse,1.6695,78.9194,1.6695,78.9194,scalene,obtuse,1.4887,81.7503,2.0448,92.6592,scalene,acute,1.463,17.82,1.615,24.57,scalene,acute,1.4142,26.5651,1.4142,26.5651
triangles_original/053_P1.jpg,053,planar,stool,scalene,obtuse,1.4127,92.8835,2.515,108.6684,scalene,acute,1.2237,30.6396,1.5414,44.9317,scalene,acute,1.3324,13.8471,1.4692,15.9265,scalene,acute,1.4142,26.5651,1.4142,26.5651
triangles_original/053_T0.jpg,053,tilted,none,scalene,obtuse,1.4399,69.2894,1.9245,80.7716,scalene,obtuse,1.8024,167.7885,2.2338,167.937,scalene,acute,1.218,13.427,1.312,20.842,scalene,acute,1.4142,15.0,1.4142,30.0
triangles_original/053_T1.jpg,053,tilted,stool,scalene,obtuse,1.3853,65.2462,1.9992,80.1284,scalene,obtuse,1.8792,80.0243,1.8792,80.0243,scalene,acute,1.302,12.48,1.42,18.97,scalene,acute,1.25,15.0,1.5,20.0
triangles_original/054_P0.jpg,054,planar,none,scalene,obtuse,1.7338,67.4044,1.7338,67.4044,scalene,obtuse,2.2716,88.9783,2.2716,88.9783,scalene,acute,1.27,9.82,1.375,13.5,scalene,acute,1.4142,26.5651,1.4142,26.5651
triangles_original/054_P1.jpg,054,planar,stool,scalene,obtuse,1.6196,64.0325,1.6196,64.0325,scalene,obtuse,2.6601,19.6725,3.467,126.7088,scalene,acute,1.141,7.225,1.215,14.1,scalene,acute,1.4142,15.0,1.4142,30.0
triangles_original/054_T0.jpg,054,tilted,none,scalene,acute,1.4368,36.8446,1.4368,36.8446,scalene,obtuse,1.668,84.8539,1.7477,86.5793,scalene,acute,1.3116,10.7824,1.4167,14.0187,scalene,acute,1.4142,26.5651,1.4142,26.5651
triangles_original/054_T1.jpg,054,tilted,stool,scalene,obtuse,1.4029,60.1199,1.816,71.593,scalene,acute,1.4796,42.5442,1.4796,42.5442,scalene,acute,1.17,9.8,1.26,16.5,scalene,acute,1.4142,15.0,1.4142,30.0
triangles_original/055_P0.jpg,055,planar,none,scalene,obtuse,1.8529,76.876,1.8529,76.876,scalene,acute,1.8837,55.6239,1.8837,55.6239,scalene,acute,0.747,12.36,1.341,15.72,scalene,acute,1.4142,26.5651,1.4142,26.5651
triangles_original/055_P1.jpg,055,planar,laptop,scalene,obtuse,2.2721,89.6465,2.2721,89.6465,scalene,obtuse,1.8889,83.9743,1.8889,83.9743,scalene,acute,1.1274,8.6432,1.1835,15.9276,scalene,acute,1.4142,15.0,1.4142,30.0
triangles_original/055_T0.jpg,055,tilted,none,scalene,acute,2.3535,58.9971,2.3535,58.9971,scalene,obtuse,3.0057,129.6489,3.0057,129.6489,scalene,acute,1.256,10.842,1.328,18.546,scalene,acute,1.4142,15.0,1.4142,30.0
triangles_original/055_T1.jpg,055,tilted,laptop,scalene,acute,1.901,47.3293,1.901,47.3293,scalene,acute,0.8854,8.5751,1.3452,31.4074,scalene,acute,1.241,11.563,1.328,17.426,scalene,acute,1.4142,15.0,1.4142,30.0
triangles_original/056_P0.jpg,056,planar,none,scalene,obtuse,3.7843,103.0321,3.7843,103.0321,scalene,obtuse,2.5648,90.662,2.5648,90.662,scalene,acute,1.31,13.8,1.34,15.6,scalene,acute,1.4142,26.5651,1.4142,26.5651
triangles_original/056_P1.jpg,056,planar,laptop,scalene,obtuse,2.7446,100.1805,2.7446,100.1805,scalene,obtuse,2.6535,105.4616,2.6535,105.4616,scalene,acute,1.302,7.483,1.417,15.269,scalene,acute,1.4142,26.5651,1.4142,26.5651
triangles_original/056_T0.jpg,056,tilted,none,scalene,obtuse,3.0801,92.4517,3.0801,92.4517,scalene,obtuse,3.32,98.0375,3.32,98.0375,scalene,acute,1.22,10.6,1.27,13.7,scalene,acute,1.4142,15.0,1.4142,30.0
triangles_original/056_T1.jpg,056,tilted,laptop,scalene,obtuse,3.4082,91.9002,3.4082,91.9002,scalene,obtuse,1.2789,91.9335,3.3218,115.983,scalene,acute,1.215,9.87,1.294,16.52,scalene,acute,1.4142,15.0,1.4142,30.0
triangles_original/057_P0.jpg,057,planar,none,scalene,obtuse,1.4141,15.7341,1.8971,71.1763,scalene,obtuse,1.9506,25.7413,2.4622,85.9593,scalene,acute,1.226,6.85,1.302,11.6,scalene,acute,1.4142,15.0,1.4142,30.0
triangles_original/057_P1.jpg,057,planar,laptop,scalene,obtuse,1.1228,5.6215,1.6192,61.694,scalene,obtuse,1.772,30.1011,2.0621,62.7313,scalene,acute,1.297,8.312,1.355,14.92,scalene,acute,1.4142,15.0,1.4142,30.0
triangles_original/057_T0.jpg,057,tilted,none,scalene,obtuse,2.9048,39.8174,3.334,90.0747,scalene,obtuse,3.4364,77.5419,3.4364,77.5419,scalene,acute,1.281,12.734,1.403,15.896,scalene,acute,1.4142,15.0,1.4142,30.0
triangles_original/057_T1.jpg,057,tilted,laptop,scalene,acute,4.3963,64.6107,4.5049,77.0006,scalene,obtuse,2.1205,64.2086,2.1205,64.2086,scalene,acute,1.204,6.92,1.238,10.8,scalene,acute,1.4142,15.0,1.4142,30.0
triangles_original/058_P0.jpg,058,planar,none,scalene,obtuse,1.0182,0.4426,1.7929,98.268,scalene,obtuse,0.8318,0.6693,2.199,170.6457,scalene,right,1.419,14.0362,1.4867,29.7274,scalene,acute,1.4142,26.5651,1.4142,26.5651
triangles_original/058_P1.jpg,058,planar,pillow,scalene,obtuse,0.6964,11.6256,2.1279,96.8628,scalene,obtuse,0.5825,65.3803,1.7164,65.3803,scalene,acute,1.1635,13.4278,1.2462,15.9824,scalene,acute,1.4142,15.0,1.4142,30.0
triangles_original/058_T0.jpg,058,tilted,none,scalene,obtuse,0.8657,1.9834,2.1069,144.4729,scalene,obtuse,3.3428,25.3736,4.1088,124.8061,scalene,acute,1.1892,7.624,1.2415,13.37,scalene,acute,1.25,15.0,1.5,20.0
triangles_original/058_T1.jpg,058,tilted,pillow,scalene,obtuse,2.2089,40.7979,2.4366,66.5364,scalene,obtuse,0.7426,12.657,1.8842,75.1343,scalene,acute,1.2345,8.721,1.358,14.56,scalene,acute,1.2345,10.0,1.5678,20.0
triangles_original/059_P0.jpg,059,planar,none,scalene,acute,0.7703,16.1531,1.5661,45.3619,scalene,acute,1.539,26.4083,1.7481,49.6471,scalene,acute,1.247,9.326,1.312,14.782,scalene,acute,1.4142,15.0,1.4142,30.0
triangles_original/059_P1.jpg,059,planar,pillow,scalene,obtuse,0.4624,38.0553,2.4388,69.3832,scalene,obtuse,0.8303,9.288,1.6653,61.192,scalene,acute,1.34,10.2,1.4,14.5,scalene,acute,1.4142,15.0,1.4142,30.0
triangles_original/059_T0.jpg,059,tilted,none,scalene,obtuse,1.2195,0.3694,2.2153,169.4514,scalene,obtuse,1.6537,1.0704,2.6533,176.4943,scalene,acute,1.198,11.52,1.254,13.87,scalene,acute,1.25,10.0,1.5,20.0
triangles_original/059_T1.jpg,059,tilted,pillow,scalene,obtuse,0.9133,1.2857,2.0252,136.1101,scalene,obtuse,1.054,2.3266,1.6312,68.8524,scalene,acute,1.165,7.42,1.231,14.2,scalene,acute,1.25,15.0,1.5,20.0
triangles_original/060_P0.jpg,060,planar,none,scalene,acute,0.5492,56.0452,1.8209,56.0452,scalene,acute,0.5067,36.9829,2.1932,61.6696,scalene,acute,1.36,14.7,1.45,23.9,scalene,acute,1.4142,26.5651,1.4142,26.5651
triangles_original/060_P1.jpg,060,planar,pillow,scalene,obtuse,0.6782,58.7117,1.6096,62.891,scalene,obtuse,0.5273,86.4691,1.8964,86.4691,scalene,acute,1.156,7.82,1.245,12.56,scalene,acute,1.2345,15.6789,1.4567,23.4567
triangles_original/060_T0.jpg,060,tilted,none,scalene,obtuse,0.6783,61.0853,1.6607,66.5223,scalene,obtuse,0.6088,74.3185,1.6429,74.3185,scalene,acute,1.23,9.5,1.32,16.8,scalene,acute,1.4142,15.0,1.4142,30.0
triangles_original/060_T1.jpg,060,tilted,pillow,scalene,acute,0.8231,27.9741,1.4659,40.1265,scalene,acute,0.8592,24.67,1.6069,45.0461,scalene,acute,1.236,14.82,1.287,19.54,scalene,acute,1.2345,15.6789,1.5678,23.4567
triangles_original/061_P0.jpg,061,planar,none,scalene,acute,0.7694,39.0143,1.543,48.9261,scalene,acute,0.8671,16.9007,1.2234,21.4639,scalene,acute,1.216,10.85,1.319,16.95,scalene,acute,1.4142,26.5651,1.4142,26.5651
triangles_original/061_P1.jpg,061,planar,rubiks cube,scalene,acute,0.9057,17.3047,1.6769,44.7169,scalene,right,0.7549,40.9707,1.5246,49.0293,scalene,acute,1.4512,13.2741,1.5785,17.9326,scalene,acute,1.4142,15.0,1.4142,30.0
triangles_original/061_T0.jpg,061,tilted,none,scalene,acute,0.9123,9.1204,1.0961,9.1204,isosceles,acute,1.0,0.0,1.2817,21.0513,scalene,acute,1.1983,10.7421,1.3605,15.2368,scalene,acute,1.4142,15.0,1.4142,30.0
triangles_original/061_T1.jpg,061,tilted,rubiks cube,scalene,acute,0.7905,31.4837,1.4024,38.1299,scalene,acute,0.9793,2.0075,1.0336,3.2588,scalene,acute,1.269,10.842,1.321,14.911,scalene,acute,1.4142,15.0,1.4142,30.0
triangles_original/062_P0.jpg,062,planar,none,scalene,obtuse,1.9585,94.2761,1.9585,94.2761,scalene,obtuse,1.2649,71.5651,2.8284,98.1302,scalene,acute,0.87,3.5,1.16,6.7,scalene,acute,1.4142,15.0,1.4142,30.0
triangles_original/062_P1.jpg,062,planar,rubiks cube,scalene,obtuse,1.8543,78.346,1.8543,78.346,scalene,acute,1.2171,19.0358,1.2171,19.0358,scalene,acute,1.185,10.73,1.216,13.58,scalene,acute,1.4142,15.0,1.4142,30.0
triangles_original/062_T0.jpg,062,tilted,none,scalene,obtuse,1.8485,64.7414,1.8485,64.7414,scalene,acute,0.9071,15.0469,1.5028,36.8584,scalene,acute,1.278,10.42,1.366,15.23,scalene,acute,1.4142,15.0,1.4142,30.0
triangles_original/062_T1.jpg,062,tilted,rubiks cube,isosceles,obtuse,1.81,103.5884,1.81,103.5884,scalene,obtuse,1.68,76.3446,1.68,76.3446,scalene,acute,1.19,9.5,1.32,15.0,scalene,acute,1.4142,15.0,1.4142,30.0
triangles_original/063_P0.jpg,063,planar,none,scalene,acute,1.1141,16.8924,1.5262,38.5299,scalene,acute,1.2199,26.7757,1.3906,35.6053,scalene,acute,1.27,9.8,1.32,15.7,scalene,acute,1.4142,15.0,1.4142,30.0
triangles_original/063_P1.jpg,063,planar,rubiks cube,scalene,obtuse,1.4294,54.1641,1.6027,59.837,scalene,acute,1.2102,32.4697,1.6897,51.7977,scalene,acute,1.4816,16.732,1.6532,23.467,scalene,acute,1.4142,15.0,1.4142,30.0
triangles_original/063_T0.jpg,063,tilted,none,scalene,acute,1.075,10.445,1.3979,30.2518,scalene,obtuse,1.1731,33.245,2.0076,61.8665,scalene,acute,1.133,10.746,1.218,14.422,scalene,acute,1.4142,26.5651,1.4142,26.5651
triangles_original/063_T1.jpg,063,tilted,rubiks cube,scalene,acute,1.4207,35.7959,1.4207,35.7959,scalene,acute,0.9136,19.0708,1.9857,54.4744,scalene,acute,1.276,12.43,1.312,15.87,scalene,acute,1.4142,15.0,1.4142,30.0
triangles_original/064_P0.jpg,064,planar,none,scalene,obtuse,1.0354,19.2159,4.914,82.0301,scalene,acute,0.9512,16.3933,2.9623,68.6755,scalene,acute,1.218,11.935,1.2695,13.482,scalene,acute,1.4142,26.5651,1.4142,26.5651
triangles_original/064_P1.jpg,064,planar,glass,scalene,obtuse,1.0402,21.5788,4.8735,83.0892,scalene,acute,1.0181,4.5571,2.2844,54.0144,scalene,acute,1.3194,9.8562,1.4207,15.4378,scalene,acute,1.4142,15.0,1.4142,30.0
triangles_original/064_T0.jpg,064,tilted,none,scalene,acute,0.9317,21.198,2.7398,68.4816,scalene,obtuse,1.1363,62.6981,4.362,103.3592,scalene,acute,1.228,11.74,1.289,14.9,scalene,acute,1.4142,15.0,1.4142,30.0
triangles_original/064_T1.jpg,064,tilted,glass,scalene,acute,0.923,21.944,2.5263,65.9906,scalene,obtuse,0.6937,86.1431,2.2694,100.3931,scalene,acute,1.3412,7.8623,1.4756,13.4972,scalene,acute,1.4142,15.0,1.4142,30.0
triangles_original/065_P0.jpg,065,planar,none,scalene,obtuse,0.8331,51.6039,2.6542,83.8273,scalene,obtuse,0.7938,73.0554,2.1047,73.0554,scalene,acute,1.315,13.42,1.476,20.9,scalene,acute,1.4142,26.5651,1.4142,26.5651
triangles_original/065_P1.jpg,065,planar,glass,scalene,obtuse,0.7927,56.0329,2.3177,81.2121,scalene,obtuse,0.7461,52.2424,1.8061,66.3983,scalene,acute,1.228,7.615,1.269,15.42,scalene,acute,1.4142,26.5651,1.4142,26.5651
triangles_original/065_T0.jpg,065,tilted,none,scalene,obtuse,0.8705,30.9054,2.1206,63.2874,scalene,obtuse,0.757,63.4452,2.219,84.0638,scalene,acute,1.225,7.8,1.29,13.6,scalene,acute,1.4142,15.0,1.4142,30.0
triangles_original/065_T1.jpg,065,tilted,glass,scalene,acute,0.9129,19.9558,2.0541,56.4177,scalene,acute,0.9406,13.181,1.9736,51.2623,scalene,acute,1.24,8.7,1.3,14.5,scalene,acute,1.4142,15.0,1.4142,30.0
triangles_original/066_P0.jpg,066,planar,none,scalene,acute,1.3598,40.9382,1.4278,43.824,scalene,obtuse,1.3245,46.4534,1.6933,59.2378,scalene,obtuse,1.644,13.958,1.737,25.514,scalene,acute,1.4142,26.5651,1.4142,26.5651
triangles_original/066_P1.jpg,066,planar,glass,scalene,acute,1.3018,31.2281,1.3018,31.2281,scalene,obtuse,1.8584,80.7993,1.8584,80.7993,scalene,acute,1.34,9.6,1.42,17.5,scalene,acute,1.4142,15.0,1.4142,30.0
triangles_original/066_T0.jpg,066,tilted,none,scalene,obtuse,1.6481,57.2303,1.6481,57.2303,scalene,obtuse,1.3192,42.4924,1.5869,52.7525,scalene,acute,1.128,6.587,1.159,11.21,scalene,acute,1.4142,26.5651,1.4142,26.5651
triangles_original/066_T1.jpg,066,tilted,glass,scalene,obtuse,1.4439,68.6249,1.8976,79.6472,scalene,acute,1.2515,35.755,1.6171,50.644,scalene,acute,1.173,7.624,1.186,13.761,scalene,acute,1.4142,15.0,1.4142,30.0
triangles_original/067_P0.jpg,067,planar,none,scalene,acute,1.233,16.0726,1.3407,27.4715,scalene,obtuse,1.395,18.2186,1.7364,56.1883,scalene,acute,1.374,13.262,1.512,16.947,scalene,acute,1.4142,26.5651,1.4142,26.5651
triangles_original/067_P1.jpg,067,planar,iron,scalene,obtuse,0.9891,0.3869,1.6773,79.744,scalene,obtuse,1.4119,15.1008,1.9215,74.0396,scalene,acute,1.2579,9.8432,1.3056,13.9475,scalene,acute,1.4142,26.5651,1.4142,26.5651
triangles_original/067_T0.jpg,067,tilted,none,scalene,obtuse,2.3892,43.5431,2.6136,68.9896,scalene,obtuse,2.0379,62.3781,2.0379,62.3781,scalene,acute,1.23,10.8,1.27,12.4,scalene,acute,1.2345,10.0,1.5678,20.0
triangles_original/067_T1.jpg,067,tilted,iron,scalene,obtuse,1.8117,22.9015,2.3478,86.1992,scalene,obtuse,1.6286,99.0368,2.0134,104.9433,scalene,acute,1.217,8.532,1.264,15.134,scalene,acute,1.2345,15.6789,1.5678,23.4567
triangles_original/068_P0.jpg,068,planar,none,scalene,acute,0.602,49.8341,1.6611,49.8341,scalene,acute,0.7462,38.3198,1.4024,44.1315,scalene,acute,1.37,13.2,1.54,22.7,scalene,acute,1.4142,26.5651,1.4142,26.5651
triangles_original/068_P1.jpg,068,planar,iron,scalene,acute,0.8315,30.6055,1.6521,49.5243,scalene,acute,0.8027,28.8254,1.3706,35.1726,scalene,obtuse,1.6352,12.4831,1.7814,25.0217,scalene,acute,1.4142,15.0,1.4142,30.0
triangles_original/068_T0.jpg,068,tilted,none,scalene,acute,0.6428,48.9063,1.5561,48.9063,scalene,obtuse,0.6024,86.557,1.7822,88.847,scalene,acute,1.22,9.5,1.32,16.8,scalene,acute,1.4142,15.0,1.4142,30.0
triangles_original/068_T1.jpg,068,tilted,iron,scalene,obtuse,0.5897,65.9047,1.6958,65.9047,scalene,obtuse,0.6468,56.3726,1.5464,56.3726,scalene,acute,1.224,13.47,1.276,15.98,scalene,acute,1.2345,15.6789,1.5678,23.4567
triangles_original/069_P0.jpg,069,planar,none,scalene,acute,1.4842,28.3711,1.5635,37.0031,scalene,acute,0.6245,34.9875,1.6147,36.4312,scalene,acute,1.29,10.8,1.37,12.4,scalene,acute,1.4142,26.5651,1.4142,26.5651
triangles_original/069_P1.jpg,069,planar,iron,scalene,acute,1.4298,22.6096,1.6411,45.7252,scalene,obtuse,1.0627,3.3028,1.4891,50.2204,scalene,acute,1.365,10.92,1.482,16.73,scalene,acute,1.4142,26.5651,1.4142,26.5651
triangles_original/069_T0.jpg,069,tilted,none,scalene,acute,1.0874,5.5598,1.3656,35.1757,scalene,acute,0.7625,25.051,1.3115,25.051,scalene,acute,1.222,9.604,1.261,14.122,scalene,acute,1.4142,15.0,1.4142,30.0
triangles_original/069_T1.jpg,069,tilted,iron,scalene,acute,1.2528,16.5027,1.3952,31.6681,scalene,acute,1.3663,22.1186,1.4971,36.1931,scalene,acute,1.2345,7.81,1.278,13.6,scalene,acute,1.2345,15.6789,1.5678,23.4567
triangles_original/070_P0.jpg,070,planar,none,scalene,acute,1.4612,21.2967,1.7685,55.4332,scalene,acute,0.6124,27.2349,1.9075,57.881,scalene,acute,1.2537,10.8421,1.3264,15.3176,scalene,acute,1.4142,26.5651,1.4142,26.5651
triangles_original/070_P1.jpg,070,planar,book,scalene,acute,1.3825,20.9605,1.5881,43.3555,scalene,acute,1.6962,29.6172,1.9485,57.7698,scalene,obtuse,1.302,11.6489,1.4006,23.335,scalene,acute,1.4142,15.0,1.4142,30.0
triangles_original/070_T0.jpg,070,tilted,none,scalene,acute,0.9802,1.1746,1.4085,43.1857,scalene,acute,0.6669,27.9616,1.6107,40.0644,scalene,acute,1.367,10.842,1.438,17.516,scalene,acute,1.4142,15.0,1.4142,30.0
triangles_original/070_T1.jpg,070,tilted,book,scalene,obtuse,0.8465,8.9721,1.5918,54.5298,scalene,obtuse,1.93,24.3664,2.482,90.0692,scalene,acute,1.381,13.425,1.472,22.316,scalene,acute,1.2345,10.0,1.5678,20.0
triangles_original/071_P0.jpg,071,planar,none,scalene,acute,0.6745,43.2714,1.4825,43.2714,scalene,acute,0.6754,39.3952,1.4792,39.3952,scalene,acute,1.5372,13.4265,1.6849,16.7892,scalene,acute,1.4142,26.5651,1.4142,26.5651
triangles_original/071_P1.jpg,071,planar,book,scalene,acute,0.8829,10.543,1.1966,17.159,scalene,obtuse,0.379,94.4407,2.6384,94.4407,scalene,acute,1.296,9.842,1.481,15.325,scalene,acute,1.4142,15.0,1.4142,30.0
triangles_original/071_T0.jpg,071,tilted,none,scalene,obtuse,0.3464,90.9312,2.8867,90.9312,scalene,obtuse,0.771,42.5299,1.6761,56.3271,scalene,acute,1.321,14.762,1.429,17.835,scalene,acute,1.4142,15.0,1.4142,30.0
triangles_original/071_T1.jpg,071,tilted,book,scalene,obtuse,0.3795,125.8682,2.6347,125.8682,scalene,acute,0.5313,49.7602,1.8827,49.7602,scalene,acute,1.2145,10.7324,1.2489,14.5671,scalene,acute,1.4142,15.0,1.4142,30.0
triangles_original/072_P0.jpg,072,planar,none,scalene,acute,1.5035,24.6562,1.7356,50.2234,scalene,acute,0.9319,4.0668,1.4569,45.8886,scalene,acute,0.8045,14.8321,1.3267,17.5194,scalene,acute,1.4142,26.5651,1.4142,26.5651
triangles_original/072_P1.jpg,072,planar,book,scalene,obtuse,1.1898,7.7848,1.7266,69.517,scalene,acute,0.9514,4.1075,1.1832,17.6591,scalene,acute,1.245,13.72,1.356,17.48,scalene,acute,1.4142,15.0,1.4142,30.0
triangles_original/072_T0.jpg,072,tilted,none,scalene,obtuse,0.6983,16.472,1.9053,70.7313,scalene,obtuse,1.8814,22.6814,2.4593,91.8075,scalene,acute,1.2736,14.3821,1.3915,22.5479,scalene,acute,1.4142,15.0,1.4142,30.0
triangles_original/072_T1.jpg,072,tilted,book,scalene,obtuse,0.891,5.5588,1.6233,62.2159,scalene,acute,0.7024,23.4801,1.5941,42.0102,scalene,acute,1.3025,10.6784,1.3912,15.4321,scalene,acute,1.2345,15.6789,1.5678,23.4567
triangles_original/073_P0.jpg,073,planar,none,scalene,obtuse,0.7095,53.1922,1.6277,60.3591,scalene,obtuse,0.5425,57.768,1.8434,57.768,scalene,acute,1.3624,10.2746,1.5003,16.8612,scalene,acute,1.4142,26.5651,1.4142,26.5651
triangles_original/073_P1.jpg,073,planar,kettle,scalene,obtuse,0.8052,41.4958,1.8908,63.0455,scalene,obtuse,0.7209,46.5189,1.5115,51.1468,scalene,acute,1.635,13.42,1.702,17.3,scalene,acute,1.4142,15.0,1.4142,30.0
triangles_original/073_T0.jpg,073,tilted,none,scalene,obtuse,0.6146,55.1807,1.627,55.1807,scalene,acute,1.2704,18.797,1.3433,26.5317,scalene,acute,1.318,12.47,1.379,15.82,scalene,acute,1.4142,15.0,1.4142,30.0
triangles_original/073_T1.jpg,073,tilted,kettle,scalene,acute,0.751,37.7371,1.4067,41.1121,scalene,acute,0.8095,25.5776,1.2815,28.2504,scalene,acute,1.312,16.48,1.361,18.92,scalene,acute,1.4142,15.0,1.4142,30.0
triangles_original/074_P0.jpg,074,planar,none,scalene,obtuse,0.717,56.3687,1.7461,66.8639,scalene,acute,0.8792,13.1279,1.1361,13.1279,scalene,acute,1.378,12.463,1.512,20.782,scalene,acute,1.4142,15.0,1.4142,30.0
triangles_original/074_P1.jpg,074,planar,kettle,scalene,obtuse,0.7858,38.8293,1.6393,53.0294,scalene,acute,0.8493,29.5533,1.79,54.0461,scalene,acute,1.3164,11.3275,1.4238,16.9421,scalene,acute,1.4142,26.5651,1.4142,26.5651
triangles_original/074_T0.jpg,074,tilted,none,scalene,obtuse,0.7379,73.8154,2.3363,92.8538,scalene,obtuse,0.7897,41.1814,1.752,58.4804,scalene,acute,1.275,12.3,1.32,14.7,scalene,acute,1.4142,15.0,1.4142,30.0
triangles_original/074_T1.jpg,074,tilted,kettle,scalene,obtuse,0.7476,52.8615,1.8364,67.824,scalene,acute,1.0127,2.2672,1.6467,37.7419,scalene,obtuse,1.23,12.7,1.28,21.0,scalene,acute,1.2345,15.6789,1.5678,23.4567
triangles_original/075_P0.jpg,075,planar,none,scalene,obtuse,0.8984,5.8991,1.5247,51.2542,scalene,right,0.8909,6.5737,1.5033,48.2868,scalene,acute,1.145,8.732,1.212,16.49,scalene,acute,1.4142,26.5651,1.4142,26.5651
triangles_original/075_P1.jpg,075,planar,kettle,scalene,obtuse,1.0261,1.3001,1.497,53.5515,scalene,obtuse,0.3948,17.766,3.3669,130.2214,scalene,acute,1.225,7.6,1.3,12.0,scalene,acute,1.4142,15.0,1.4142,30.0
triangles_original/075_T0.jpg,075,tilted,none,scalene,obtuse,0.6504,22.3721,1.8916,62.191,scalene,acute,1.1026,5.683,1.48,46.8564,scalene,acute,1.222,7.843,1.284,14.965,scalene,acute,1.2345,15.6789,1.4567,23.4567
triangles_original/075_T1.jpg,075,tilted,kettle,scalene,acute,0.7223,25.0694,1.4337,30.3613,scalene,acute,0.6349,40.6989,1.5751,40.6989,scalene,acute,1.286,10.42,1.347,17.3,scalene,acute,1.4142,15.0,1.4142,30.0
triangles_original/076_P0.jpg,076,planar,none,scalene,acute,1.2181,21.1431,1.2181,21.1431,scalene,acute,1.0736,13.1282,1.7473,45.1988,scalene,acute,1.18,10.5,1.23,12.6,scalene,acute,1.4142,26.5651,1.4142,26.5651
triangles_original/076_P1.jpg,076,planar,apple,scalene,acute,1.127,12.4801,1.127,12.4801,scalene,acute,1.1871,26.5702,1.5495,43.4526,scalene,acute,1.1476,7.9321,1.2534,14.8127,scalene,acute,1.4142,15.0,1.4142,30.0
triangles_original/076_T0.jpg,076,tilted,none,scalene,acute,0.842,14.5676,1.2298,18.9656,scalene,obtuse,0.2136,168.0559,4.6817,168.0559,scalene,acute,1.231,10.842,1.2754,15.921,scalene,acute,1.2345,10.0,1.5678,20.0
triangles_original/076_T1.jpg,076,tilted,apple,scalene,obtuse,0.4262,147.903,2.3463,147.903,scalene,acute,1.2043,19.7242,1.2043,19.7242,scalene,acute,1.18,6.5,1.22,11.5,scalene,acute,1.2345,15.6789,1.5678,23.4567
triangles_original/077_P0.jpg,077,planar,none,scalene,acute,0.9669,4.9222,1.391,28.2059,scalene,acute,0.9982,0.3786,1.889,44.0101,scalene,acute,1.2438,10.5274,1.3271,13.8421,scalene,acute,1.4142,15.0,1.4142,30.0
triangles_original/077_P1.jpg,077,planar,apple,scalene,acute,1.072,11.0427,1.523,36.2326,scalene,acute,1.0493,7.2828,1.4495,31.7069,scalene,obtuse,1.645,20.98,1.72,38.9,scalene,acute,1.4142,26.5651,1.4142,26.5651
triangles_original/077_T0.jpg,077,tilted,none,scalene,acute,1.3708,27.697,1.3708,27.697,scalene,acute,1.4935,41.2518,1.4935,41.2518,scalene,acute,1.3421,10.5732,1.3984,17.2457,scalene,acute,1.4142,15.0,1.4142,30.0
triangles_original/077_T1.jpg,077,tilted,apple,scalene,acute,1.6011,50.1245,1.6011,50.1245,scalene,acute,1.1795,31.3842,1.8541,56.778,scalene,acute,1.28,10.6,1.32,16.5,scalene,acute,1.4142,15.0,1.4142,30.0
triangles_original/078_P0.jpg,078,planar,none,scalene,obtuse,1.0767,33.7858,4.1103,86.117,scalene,obtuse,1.0468,20.2697,3.9684,78.2098,scalene,acute,1.184,10.89,1.282,13.6,scalene,acute,1.4142,26.5651,1.4142,26.5651
triangles_original/078_P1.jpg,078,planar,apple,scalene,acute,0.9904,6.2456,5.7364,78.1519,scalene,obtuse,1.0468,17.5986,3.4607,73.6034,scalene,acute,1.248,9.512,1.312,15.87,scalene,acute,1.4142,26.5651,1.4142,26.5651
triangles_original/078_T0.jpg,078,tilted,none,isosceles,acute,1.0,0.0,1.424,28.334,scalene,obtuse,1.0218,19.0518,7.7504,88.4835,scalene,acute,1.312,17.62,1.408,20.8,scalene,acute,1.4142,15.0,1.4142,30.0
triangles_original/078_T1.jpg,078,tilted,apple,scalene,acute,1.1,21.3549,2.1042,58.1932,scalene,acute,1.0593,15.5893,2.7599,66.9867,scalene,acute,1.116,8.732,1.178,15.9,scalene,acute,1.4142,15.0,1.4142,30.0
triangles_original/079_P0.jpg,079,planar,none,scalene,obtuse,1.168,43.4232,2.6192,78.6658,scalene,obtuse,1.1575,61.5578,3.7926,99.7261,scalene,obtuse,1.49,13.6,1.67,28.2,scalene,acute,1.4142,26.5651,1.4142,26.5651
triangles_original/079_P1.jpg,079,planar,box,scalene,obtuse,1.1587,49.5328,3.0954,87.5966,scalene,obtuse,1.1439,40.8739,2.8183,79.5763,scalene,acute,1.27,14.6,1.36,17.9,scalene,acute,1.4142,15.0,1.4142,30.0
triangles_original/079_T0.jpg,079,tilted,none,scalene,acute,1.1205,22.4233,1.8803,53.201,scalene,acute,0.9809,2.9362,1.4622,30.9155,scalene,acute,1.245,10.87,1.312,18.6,scalene,acute,1.4142,15.0,1.4142,30.0
triangles_original/079_T1.jpg,079,tilted,box,scalene,acute,1.0402,10.0259,2.3175,57.0602,scalene,acute,0.913,12.4374,1.3448,28.0081,scalene,acute,1.2765,14.8321,1.3472,22.4167,scalene,acute,1.4142,15.0,1.4142,30.0
triangles_original/080_P0.jpg,080,planar,none,scalene,obtuse,2.6508,82.1175,2.6508,82.1175,scalene,obtuse,2.7544,69.8345,2.7544,69.8345,scalene,acute,1.272,7.45,1.319,14.23,scalene,acute,1.4142,26.5651,1.4142,26.5651
triangles_original/080_P1.jpg,080,planar,box,scalene,acute,1.5686,41.0222,1.5686,41.0222,scalene,acute,1.9124,43.8931,1.9267,45.5365,scalene,acute,1.275,14.2,1.36,16.9,scalene,acute,1.4142,15.0,1.4142,30.0
triangles_original/080_T0.jpg,080,tilted,none,scalene,obtuse,2.4168,66.638,2.4168,66.638,scalene,acute,0.8013,18.6877,1.2702,20.987,scalene,acute,1.162,8.742,1.312,16.945,scalene,acute,1.4142,15.0,1.4142,30.0
triangles_original/080_T1.jpg,080,tilted,box,scalene,acute,1.9088,41.8518,1.9707,48.7064,scalene,obtuse,3.0871,103.7357,3.0871,103.7357,scalene,acute,1.236,9.82,1.318,14.5,scalene,acute,1.25,10.0,1.5,20.0
triangles_original/081_P0.jpg,081,planar,none,scalene,obtuse,0.695,19.2101,1.8022,59.9228,scalene,obtuse,0.9176,4.2723,1.5818,59.5985,scalene,acute,1.484,8.62,1.579,16.8,scalene,acute,1.4142,26.5651,1.4142,26.5651
triangles_original/081_P1.jpg,081,planar,box,scalene,obtuse,0.563,30.2663,2.0676,63.0308,scalene,acute,0.801,16.1254,1.3999,32.2713,scalene,acute,1.224,9.87,1.361,16.53,scalene,acute,1.4142,26.5651,1.4142,26.5651
triangles_original/081_T0.jpg,081,tilted,none,scalene,acute,1.2872,20.5054,1.3266,24.6653,scalene,acute,0.9687,3.3177,1.0534,5.2181,scalene,acute,1.218,11.432,1.274,18.945,scalene,acute,1.4142,15.0,1.4142,30.0
triangles_original/081_T1.jpg,081,tilted,box,scalene,acute,1.4556,22.3948,1.7114,50.6009,scalene,acute,0.9902,0.7846,1.2006,20.4102,scalene,acute,1.277,14.563,1.328,16.412,scalene,acute,1.2345,15.6789,1.5678,23.4567
triangles_original/082_P0.jpg,082,planar,none,scalene,acute,0.927,4.3873,1.4597,45.8744,scalene,acute,1.2519,13.0756,1.5874,49.922,scalene,right,0.7277,44.9998,1.3741,45.0002,scalene,acute,1.4142,45.0,1.4142,45.0
triangles_original/082_P1.jpg,082,planar,stool,scalene,acute,1.0329,2.0006,1.3931,40.7396,scalene,obtuse,1.4326,19.5618,1.7708,57.2541,scalene,acute,0.9427,7.6315,1.1538,15.82,scalene,acute,1.25,15.0,1.5,20.0
triangles_original/082_T0.jpg,082,tilted,none,scalene,obtuse,1.0327,1.8305,1.4481,47.1834,scalene,acute,1.3794,22.3781,1.5228,37.8527,scalene,acute,0.733,11.3,1.363,16.9,scalene,acute,1.4142,15.0,1.4142,30.0
triangles_original/082_T1.jpg,082,tilted,stool,scalene,acute,1.8681,44.4338,1.8681,44.4338,scalene,obtuse,0.7763,49.0458,1.9246,68.2082,scalene,acute,1.175,7.82,1.214,13.5,scalene,acute,1.2345,15.6789,1.4567,23.4567
triangles_original/083_P0.jpg,083,planar,none,scalene,acute,0.9653,8.9332,2.2989,56.2603,scalene,acute,0.83,32.2081,1.7123,52.6408,scalene,acute,1.29,10.34,1.387,17.56,scalene,acute,1.4142,26.5651,1.4142,26.5651
triangles_original/083_P1.jpg,083,planar,stool,scalene,acute,0.9104,22.1047,2.2035,60.6483,scalene,obtuse,0.7529,70.2565,2.3741,91.0984,scalene,acute,0.8235,8.714,1.216,15.928,scalene,acute,1.4142,15.0,1.4142,30.0
triangles_original/083_T0.jpg,083,tilted,none,scalene,acute,0.9749,2.8431,1.1167,10.5659,scalene,acute,0.9392,4.8813,1.2061,19.3852,scalene,acute,1.225,9.76,1.312,12.4,scalene,acute,1.4142,26.5651,1.4142,26.5651
triangles_original/083_T1.jpg,083,tilted,stool,scalene,acute,0.9869,1.4943,1.1069,9.6136,scalene,acute,1.1299,15.6461,1.2959,26.102,scalene,acute,1.28,10.6,1.39,18.7,scalene,acute,1.2345,15.6789,1.4567,23.4567
triangles_original/084_P0.jpg,084,planar,none,scalene,obtuse,0.9914,0.4919,1.4453,48.3042,scalene,right,1.4203,19.7978,1.737,54.8989,isosceles,right,1.0,0.0,1.0,90.0,scalene,acute,1.4142,15.0,1.4142,30.0
triangles_original/084_P1.jpg,084,planar,stool,scalene,acute,0.9022,6.1032,1.4668,45.0699,scalene,acute,0.986,0.8116,1.4141,44.1793,scalene,acute,1.282,9.647,1.36,14.902,scalene,acute,1.25,15.0,1.5,20.0
triangles_original/084_T0.jpg,084,tilted,none,scalene,acute,1.0807,4.9058,1.3977,38.9133,scalene,acute,1.5363,47.8483,1.5363,47.8483,scalene,acute,1.18,10.7,1.23,16.1,scalene,acute,1.4142,15.0,1.4142,30.0
triangles_original/084_T1.jpg,084,tilted,stool,scalene,acute,1.6957,36.108,1.7598,43.1478,scalene,obtuse,1.607,22.0743,2.0349,71.0567,scalene,acute,1.183,7.52,1.247,15.3,scalene,acute,1.2345,15.6789,1.5678,23.4567
triangles_original/085_P0.jpg,085,planar,none,scalene,acute,1.1952,10.4741,1.5333,47.4483,scalene,right,0.8647,8.3256,1.5289,49.1628,scalene,acute,1.1895,9.7462,1.2603,15.8824,scalene,acute,1.4142,26.5651,1.4142,26.5651
triangles_original/085_P1.jpg,085,planar,laptop,scalene,obtuse,1.2698,13.5203,1.6189,52.05,scalene,acute,1.2041,10.795,1.5518,48.8791,scalene,acute,1.23,9.5,1.27,16.8,scalene,acute,1.25,15.0,1.5,20.0
triangles_original/085_T0.jpg,085,tilted,none,scalene,obtuse,1.2769,52.7382,2.1091,75.0269,scalene,acute,0.9861,2.5026,1.665,38.5982,scalene,acute,1.233,10.842,1.275,12.517,scalene,acute,1.4142,15.0,1.4142,30.0
triangles_original/085_T1.jpg,085,tilted,laptop,scalene,acute,0.8887,8.0585,1.3639,33.4614,isosceles,right,1.4142,45.0,1.4142,45.0,scalene,acute,1.282,13.746,1.347,15.892,scalene,acute,1.4142,15.0,1.4142,30.0
triangles_original/086_P0.jpg,086,planar,none,scalene,acute,1.1073,20.5535,1.9121,53.2048,scalene,acute,1.1158,19.0281,1.6741,45.2065,scalene,acute,1.2467,9.8321,1.3784,15.4765,scalene,acute,1.4142,15.0,1.4142,30.0
triangles_original/086_P1.jpg,086,planar,laptop,scalene,obtuse,1.1961,39.3181,2.1156,67.5362,scalene,obtuse,0.9588,29.1147,6.1295,90.7927,scalene,acute,1.325,14.87,1.497,19.42,scalene,acute,1.4142,15.0,1.4142,30.0
triangles_original/086_T0.jpg,086,tilted,none,scalene,obtuse,1.2586,62.9329,2.5846,89.6787,scalene,acute,1.4442,28.8721,1.4575,30.3242,scalene,acute,1.378,10.624,1.452,13.952,scalene,acute,1.4142,15.0,1.4142,30.0
triangles_original/086_T1.jpg,086,tilted,laptop,scalene,obtuse,0.8281,106.226,4.6648,131.0351,scalene,obtuse,1.263,47.0049,1.9797,68.6469,scalene,acute,1.231,12.457,1.283,15.321,scalene,acute,1.2345,15.6789,1.4567,23.4567
triangles_original/087_P0.jpg,087,planar,none,scalene,acute,3.6049,70.6642,3.6049,70.6642,scalene,acute,4.176,71.5006,4.176,71.5006,scalene,acute,1.28,9.3,1.37,16.8,scalene,acute,1.4142,26.5651,1.4142,26.5651
triangles_original/087_P1.jpg,087,planar,laptop,scalene,obtuse,3.2081,73.6046,3.2081,73.6046,scalene,obtuse,2.4445,17.0473,3.2776,129.0911,scalene,obtuse,1.2835,14.2764,1.4821,27.0512,scalene,acute,1.4142,15.0,1.4142,30.0
triangles_original/087_T0.jpg,087,tilted,none,scalene,acute,1.453,25.8004,1.5798,39.5684,scalene,acute,0.9144,6.0731,1.3479,33.0634,scalene,acute,1.2874,14.3621,1.3918,22.4056,scalene,acute,1.4142,15.0,1.4142,30.0
triangles_original/087_T1.jpg,087,tilted,laptop,scalene,obtuse,2.934,135.8002,2.934,135.8002,scalene,obtuse,0.8008,55.2621,2.3769,81.6639,scalene,acute,1.2895,12.4732,1.3726,14.9821,scalene,acute,1.4142,15.0,1.4142,30.0
triangles_original/088_P0.jpg,088,planar,none,scalene,obtuse,0.695,74.882,2.0475,87.7716,scalene,obtuse,0.5139,82.3466,1.9454,82.3466,scalene,acute,1.386,12.47,1.512,17.83,scalene,acute,1.4142,26.5651,1.4142,26.5651
triangles_original/088_P1.jpg,088,planar,pillow,scalene,obtuse,0.693,64.4894,1.8081,74.1109,scalene,obtuse,0.8251,36.507,1.8659,59.6883,scalene,acute,1.2723,13.4872,1.3186,15.9021,scalene,acute,1.2345,15.6789,1.5678,23.4567
triangles_original/088_T0.jpg,088,tilted,none,scalene,acute,0.7967,27.0475,1.2714,27.9588,scalene,acute,1.0263,44.2093,2.0488,50.0363,scalene,acute,1.374,14.82,1.456,23.62,scalene,acute,1.4142,26.5651,1.4142,26.5651
triangles_original/088_T1.jpg,088,tilted,pillow,scalene,obtuse,0.7025,50.3768,1.526,54.0073,scalene,obtuse,0.704,46.544,1.4391,47.2724,scalene,acute,1.215,9.87,1.275,15.2,scalene,acute,1.4142,15.0,1.4142,30.0
triangles_original/089_P0.jpg,089,planar,none,scalene,obtuse,0.7489,57.2621,1.9733,74.4429,scalene,right,0.7379,42.4334,1.4816,47.5666,scalene,acute,1.171,6.078,1.223,10.941,scalene,acute,1.4142,26.5651,1.4142,26.5651
triangles_original/089_P1.jpg,089,planar,pillow,scalene,acute,0.8088,35.2192,1.6678,52.3605,scalene,obtuse,0.7191,44.2194,1.4448,46.3874,scalene,acute,1.3,11.0,1.41,20.0,scalene,acute,1.4142,15.0,1.4142,30.0
triangles_original/089_T0.jpg,089,tilted,none,scalene,acute,0.9183,7.8679,1.1024,9.2414,scalene,acute,0.9631,6.5665,1.5808,36.9835,scalene,acute,1.271,10.823,1.312,14.7,scalene,acute,1.4142,15.0,1.4142,30.0
triangles_original/089_T1.jpg,089,tilted,pillow,scalene,acute,1.1064,16.8701,1.61,41.9611,scalene,obtuse,1.2424,73.3394,3.0914,101.9744,scalene,acute,1.1832,6.4275,1.2396,12.3058,scalene,acute,1.4142,15.0,1.4142,30.0
triangles_original/090_P0.jpg,090,planar,none,scalene,obtuse,0.1072,62.6515,9.6506,99.9703,scalene,acute,0.2295,53.1509,4.3571,53.1509,scalene,acute,1.15,7.3,1.27,11.8,scalene,acute,1.4142,15.0,1.4142,30.0
triangles_original/090_P1.jpg,090,planar,pillow,scalene,obtuse,0.104,59.2252,10.0002,104.5946,scalene,obtuse,0.1673,60.9727,6.2657,93.0726,scalene,acute,1.317,14.26,1.408,19.37,scalene,acute,1.4142,15.0,1.4142,30.0
triangles_original/090_T0.jpg,090,tilted,none,scalene,obtuse,0.08,113.706,12.5045,113.706,scalene,obtuse,0.1897,88.0307,5.2716,88.0307,scalene,acute,1.17,7.2,1.22,13.8,scalene,acute,1.2345,15.6789,1.5678,23.4567
triangles_original/090_T1.jpg,090,tilted,pillow,scalene,obtuse,0.0579,141.2141,17.2694,141.2141,scalene,right,0.1907,79.0305,5.2433,79.0305,scalene,acute,1.215,13.42,1.276,15.87,scalene,acute,1.2345,15.6789,1.5678,23.4567
triangles_original/091_P0.jpg,091,planar,none,scalene,acute,1.0614,6.5511,1.1127,10.7229,scalene,acute,1.455,29.2473,1.4687,30.6974,scalene,obtuse,1.16,8.7,1.27,15.4,scalene,acute,1.4142,26.5651,1.4142,26.5651
triangles_original/091_P1.jpg,091,planar,rubiks cube,scalene,acute,1.0601,6.1535,1.0764,7.5172,scalene,acute,0.5159,49.6221,1.9381,49.6221,scalene,acute,0.94,7.8,1.186,14.2,scalene,acute,1.4142,26.5651,1.4142,26.5651
triangles_original/091_T0.jpg,091,tilted,none,scalene,acute,1.3685,30.0568,1.3685,30.0568,scalene,acute,1.2049,11.018,1.5366,47.2364,scalene,acute,1.1432,7.8264,1.2279,13.9207,scalene,acute,1.4142,15.0,1.4142,30.0
triangles_original/091_T1.jpg,091,tilted,rubiks cube,scalene,acute,1.63,42.2174,1.63,42.2174,scalene,acute,0.6219,37.8591,1.6079,37.8591,scalene,acute,1.322,14.56,1.467,23.41,scalene,acute,1.4142,15.0,1.4142,30.0
triangles_original/092_P0.jpg,092,planar,none,scalene,acute,1.0024,0.1883,1.2439,25.3015,scalene,acute,1.1568,12.3926,1.2069,17.6138,scalene,acute,1.225,9.43,1.3,14.7,scalene,acute,1.4142,15.0,1.4142,30.0
triangles_original/092_P1.jpg,092,planar,glass,scalene,acute,1.0523,4.8081,1.0667,6.2567,scalene,acute,2.0151,47.5234,2.0151,47.5234,scalene,acute,1.223,6.847,1.319,12.306,scalene,acute,1.4142,26.5651,1.4142,26.5651
triangles_original/092_T0.jpg,092,tilted,none,scalene,acute,0.8406,16.0339,1.1896,16.0339,scalene,acute,0.5165,37.7361,2.1169,57.9212,scalene,acute,1.206,10.87,1.323,15.54,scalene,acute,1.4142,15.0,1.4142,30.0
triangles_original/092_T1.jpg,092,tilted,glass,scalene,acute,1.144,13.1845,1.144,13.1845,scalene,obtuse,1.3678,11.0855,2.0163,89.4003,scalene,acute,1.23,8.5,1.28,15.6,scalene,acute,1.25,15.0,1.5,20.0
triangles_original/093_P0.jpg,093,planar,none,scalene,acute,0.9605,2.6898,1.3313,33.4351,scalene,acute,1.1024,6.8672,1.3361,31.5578,scalene,acute,1.27,10.43,1.32,12.5,scalene,acute,1.4142,26.5651,1.4142,26.5651
triangles_original/093_P1.jpg,093,planar,iron,scalene,acute,1.0279,2.0555,1.2501,25.173,scalene,acute,0.8824,13.2112,1.1333,13.2112,scalene,acute,1.273,15.842,1.31,18.6,scalene,acute,1.4142,26.5651,1.4142,26.5651
triangles_original/093_T0.jpg,093,tilted,none,scalene,obtuse,0.7899,38.6055,1.66,53.7431,scalene,acute,0.8083,26.7751,1.2767,27.9173,scalene,acute,1.274,14.326,1.396,22.541,scalene,acute,1.4142,26.5651,1.4142,26.5651
triangles_original/093_T1.jpg,093,tilted,iron,scalene,acute,0.7358,30.6554,1.359,30.6554,scalene,obtuse,0.7404,18.5678,1.7022,58.4738,scalene,acute,1.3215,14.3762,1.4728,27.9314,scalene,acute,1.4142,15.0,1.4142,30.0
triangles_original/094_P0.jpg,094,planar,none,scalene,acute,1.2569,13.8712,1.5529,46.1704,scalene,acute,1.5117,34.888,1.5117,34.888,scalene,acute,1.2714,7.8432,1.3689,15.4217,scalene,acute,1.4142,15.0,1.4142,30.0
triangles_original/094_P1.jpg,094,planar,book,scalene,obtuse,1.2222,9.8876,1.6865,62.3125,scalene,acute,1.0903,9.5018,1.128,12.4008,scalene,acute,1.349,9.732,1.52,17.5,scalene,acute,1.4142,15.0,1.4142,30.0
triangles_original/094_T0.jpg,094,tilted,none,scalene,obtuse,1.424,12.8454,2.0512,88.1358,scalene,obtuse,1.0068,0.2975,1.6372,74.1636,scalene,acute,1.279,12.463,1.361,17.908,scalene,acute,1.4142,15.0,1.4142,30.0
triangles_original/094_T1.jpg,094,tilted,book,scalene,acute,0.6723,23.1531,1.7557,52.8288,scalene,obtuse,0.3314,27.7945,3.7103,114.8165,scalene,acute,1.28,12.7,1.35,20.4,scalene,acute,1.4142,15.0,1.4142,30.0
triangles_original/095_P0.jpg,095,planar,none,scalene,acute,1.4586,32.4278,1.4586,32.4278,scalene,acute,1.5255,26.5267,1.7173,47.5919,scalene,acute,1.274,10.845,1.338,14.96,scalene,acute,1.25,15.0,1.5,20.0
triangles_original/095_P1.jpg,095,planar,kettle,scalene,acute,1.8619,55.714,1.8619,55.714,scalene,acute,0.9635,4.8696,1.2688,21.5229,scalene,acute,1.33,14.6,1.42,17.8,scalene,acute,1.2345,15.6789,1.5678,23.4567
triangles_original/095_T0.jpg,095,tilted,none,scalene,acute,1.1328,14.416,1.1944,18.6206,scalene,acute,0.9818,1.3215,1.244,24.8796,scalene,acute,1.198,9.623,1.257,13.472,scalene,acute,1.2345,15.6789,1.5678,23.4567
triangles_original/095_T1.jpg,095,tilted,kettle,scalene,obtuse,1.5024,54.8387,1.5024,54.8387,scalene,acute,1.0119,2.1861,1.6865,39.0427,scalene,acute,1.28,14.5,1.37,23.7,scalene,acute,1.2345,15.6789,1.4567,23.4567
triangles_original/096_P0.jpg,096,planar,none,scalene,acute,1.3684,30.6784,1.3684,30.6784,scalene,acute,0.6609,31.5762,1.5318,33.4362,scalene,right,1.4142,45.0,1.4142,45.0,scalene,acute,1.4142,26.5651,1.4142,26.5651
triangles_original/096_P1.jpg,096,planar,apple,scalene,acute,1.3919,34.4657,1.3919,34.4657,scalene,acute,1.0077,0.7485,1.0298,2.9333,scalene,right,1.416,44.95,1.416,44.95,scalene,acute,1.4142,26.5651,1.4142,26.5651
triangles_original/096_T0.jpg,096,tilted,none,scalene,obtuse,0.7443,62.5583,2.0882,80.6144,scalene,obtuse,0.8857,62.2476,4.539,103.8656,scalene,acute,1.152,8.731,1.208,16.92,scalene,acute,1.4142,15.0,1.4142,30.0
triangles_original/096_T1.jpg,096,tilted,apple,scalene,acute,0.7389,26.0419,1.3533,26.0419,scalene,obtuse,0.944,14.8236,4.1681,77.0595,scalene,acute,1.23,7.5,1.32,15.0,scalene,acute,1.2345,10.0,1.5678,20.0
triangles_original/097_P0.jpg,097,planar,none,scalene,acute,0.9375,7.4002,1.1549,14.2463,scalene,acute,1.2726,19.1146,1.3403,26.1853,scalene,acute,1.192,6.87,1.24,11.8,scalene,acute,1.4142,15.0,1.4142,30.0
triangles_original/097_P1.jpg,097,planar,box,scalene,acute,1.134,15.7251,1.2716,24.505,scalene,acute,0.8413,16.2467,1.1887,16.2467,scalene,acute,1.164,6.87,1.213,11.72,scalene,acute,1.4142,15.0,1.4142,30.0
triangles_original/097_T0.jpg,097,tilted,none,scalene,acute,1.1027,11.6251,1.2125,19.4732,scalene,acute,1.5353,28.932,1.6596,42.5714,scalene,acute,1.2941,13.2175,1.3615,15.8426,scalene,acute,1.4142,26.5651,1.4142,26.5651
triangles_original/097_T1.jpg,097,tilted,box,scalene,acute,1.0375,5.8849,1.4817,32.6716,scalene,acute,1.9906,31.2495,1.9906,31.2495,scalene,acute,1.28,10.7,1.36,14.8,scalene,acute,1.4142,15.0,1.4142,30.0
triangles_original/098_P0.jpg,098,planar,none,scalene,acute,0.9739,2.8102,1.0664,6.3315,scalene,acute,1.1679,11.1961,1.3513,30.5881,scalene,acute,1.4015,13.2729,1.5357,15.8445,scalene,acute,1.4142,15.0,1.4142,30.0
triangles_original/098_P1.jpg,098,planar,stool,scalene,obtuse,0.7688,6.4077,2.1208,114.1511,scalene,obtuse,0.9331,2.3989,1.7981,91.7954,scalene,acute,1.3275,14.2682,1.391,18.3421,scalene,acute,1.4142,15.0,1.4142,30.0
triangles_original/098_T0.jpg,098,tilted,none,scalene,obtuse,0.5162,65.3955,1.9374,65.3955,scalene,obtuse,1.6495,71.5464,1.6495,71.5464,scalene,acute,1.2647,7.8321,1.3156,14.2054,scalene,acute,1.4142,15.0,1.4142,30.0
triangles_original/098_T1.jpg,098,tilted,stool,scalene,obtuse,0.6575,77.8573,1.8936,85.8854,scalene,obtuse,1.6969,74.7509,1.6969,74.7509,scalene,acute,1.185,9.73,1.214,15.8,scalene,acute,1.2345,15.6789,1.5678,23.4567
triangles_original/099_P0.jpg,099,planar,none,scalene,acute,0.9222,12.6174,1.5061,36.0757,scalene,acute,1.2369,18.5322,1.2369,18.5322,scalene,obtuse,1.5274,14.6832,1.7195,28.0409,scalene,acute,1.4142,26.5651,1.4142,26.5651
triangles_original/099_P1.jpg,099,planar,laptop,scalene,acute,1.0087,1.2264,1.3114,23.0596,scalene,acute,1.0245,2.1741,1.1537,15.2353,scalene,acute,1.296,13.42,1.412,19.87,scalene,acute,1.4142,15.0,1.4142,30.0
triangles_original/099_T0.jpg,099,tilted,none,scalene,obtuse,0.5499,65.3773,1.8184,65.3773,scalene,acute,0.6222,49.6861,1.6074,49.6861,scalene,obtuse,1.27,13.5,1.37,25.2,scalene,acute,1.4142,15.0,1.4142,30.0
triangles_original/099_T1.jpg,099,tilted,laptop,scalene,acute,0.8206,26.0053,1.3639,33.6901,scalene,acute,0.9365,14.3544,1.9847,52.1155,scalene,acute,1.1875,7.4321,1.231,13.9482,scalene,acute,1.4142,15.0,1.4142,30.0
triangles_original/100_P0.jpg,100,planar,none,scalene,obtuse,1.7158,27.0446,2.0635,66.3981,scalene,acute,1.1554,11.4218,1.269,23.2924,scalene,acute,1.257,8.1365,1.4732,16.42,scalene,acute,1.4142,15.0,1.4142,30.0
triangles_original/100_P1.jpg,100,planar,pillow,scalene,acute,1.2178,11.4909,1.5559,48.5332,scalene,acute,1.3932,24.8811,1.4612,32.212,scalene,acute,1.1863,7.4321,1.2765,13.5092,scalene,acute,1.4142,15.0,1.4142,30.0
triangles_original/100_T0.jpg,100,tilted,none,scalene,acute,1.2501,29.6508,1.3876,36.513,scalene,acute,0.8582,19.353,1.2963,27.2365,scalene,acute,1.216,8.732,1.304,15.924,scalene,acute,1.4142,26.5651,1.4142,26.5651
triangles_original/100_T1.jpg,100,tilted,pillow,scalene,acute,1.0411,5.338,1.2825,22.4504,scalene,acute,0.7008,43.4592,1.4269,43.4592,scalene,acute,1.2345,12.6,1.35,15.7,scalene,acute,1.4142,15.0,1.4142,30.0
